artist,song,duration_ms,explicit,year,popularity,danceability,energy,key,loudness,mode,speechiness,acousticness,instrumentalness,liveness,valence,tempo,genre
Britney Spears,Oops!...I Did It Again,211160,False,2000,77,0.751,0.834,1,-5.444,0,0.0437,0.3,1.77e-05,0.355,0.894,95.053,pop
*NSYNC,Bye Bye Bye,200560,False,2000,65,0.614,0.928,8,-4.806,0,0.0516,0.0408,0.00104,0.0845,0.879,172.656,pop
Eminem,The Real Slim Shady,284200,True,2000,86,0.949,0.661,5,-4.244,0,0.0572,0.0302,0.0,0.0454,0.76,104.504,hip hop
Modjo,Lady - Hear Me Tonight,307153,False,2001,77,0.72,0.808,6,-5.627,1,0.0379,0.00793,0.0293,0.0634,0.869,126.041,Dance/Electronic
Gigi D'Agostino,L'Amour Toujours,238759,False,2011,1,0.617,0.728,7,-7.932,1,0.0292,0.0328,0.0482,0.36,0.808,139.066,pop
Eiffel 65,Move Your Body - Gabry Ponte Original Radio Edit,268863,False,1999,56,0.745,0.958,7,-9.664,1,0.0287,0.0813,0.324,0.533,0.96,129.962,pop
Bomfunk MC's,Freestyler,306333,False,2000,55,0.822,0.922,11,-5.798,0,0.0989,0.0291,0.325,0.252,0.568,163.826,pop
Anastacia,I'm Outta Love - Radio Edit,245400,False,1999,64,0.761,0.716,10,-5.8,0,0.056,0.396,0.0,0.0771,0.649,119.41,pop
Alice Deejay,Better Off Alone,214883,False,2000,73,0.671,0.88,8,-6.149,0,0.0552,0.00181,0.691,0.285,0.782,136.953,pop
Gigi D'Agostino,The Riddle,285426,False,1999,64,0.74,0.876,6,-6.87,0,0.0369,0.0173,0.00152,0.0785,0.825,127.002,pop
Dr. Dre,The Next Episode,161506,True,1999,82,0.922,0.909,10,-2.429,0,0.27,0.0281,0.0,0.0856,0.309,95.295,hip hop
Sonique,It Feels So Good,240866,False,2000,62,0.634,0.677,5,-7.278,0,0.0304,0.0117,0.00103,0.126,0.558,135.012,pop
M.O.P.,Cold as Ice,244466,True,2000,54,0.656,0.88,11,-5.425,0,0.143,0.0421,0.0,0.294,0.758,85.565,hip hop
Limp Bizkit,Take A Look Around,321040,False,2000,72,0.425,0.852,11,-5.607,1,0.046,0.0175,0.306,0.0935,0.512,101.968,metal
Chicane,Don't Give Up,210786,False,2016,47,0.644,0.72,10,-9.635,0,0.0419,0.00145,0.504,0.0839,0.53,132.017,Dance/Electronic
Madonna,Music,225973,False,2000,58,0.736,0.802,7,-8.527,1,0.0663,0.00149,0.0876,0.14,0.871,119.854,pop
Ruff Endz,No More,242560,False,2000,52,0.839,0.641,10,-5.669,0,0.0858,0.0324,4.56e-06,0.0602,0.927,97.004,R&B
Britney Spears,Born to Make You Happy,243533,False,1999,58,0.633,0.922,11,-4.842,0,0.0454,0.116,0.000465,0.071,0.686,84.11,pop
JAY-Z,Big Pimpin',283066,True,1999,69,0.88,0.814,11,-6.307,0,0.14,0.168,0.00672,0.0584,0.942,138.083,hip hop
Dr. Dre,Forgot About Dre,222293,True,1999,79,0.924,0.74,8,-1.299,1,0.0774,0.0827,0.0,0.163,0.621,133.974,hip hop
Backstreet Boys,Show Me the Meaning of Being Lonely,234960,False,1999,68,0.63,0.625,6,-5.088,0,0.0252,0.231,0.0,0.0765,0.683,167.998,pop
Samantha Mumba,Gotta Tell You,201946,False,2018,43,0.729,0.632,0,-8.75,0,0.0279,0.191,0.0,0.166,0.774,109.981,pop
Mary Mary,Shackles (Praise You),198346,False,2000,64,0.779,0.834,7,-2.773,1,0.162,0.0343,0.0,0.0886,0.8,100.46,R&B
JAY-Z,I Just Wanna Love U (Give It 2 Me),227866,True,2000,59,0.8,0.922,4,-5.125,0,0.24,0.301,9.31e-06,0.0352,0.801,98.631,hip hop
Baha Men,Who Let The Dogs Out,198400,False,2000,65,0.869,0.887,0,-4.505,1,0.0993,0.0605,0.0,0.148,0.784,129.221,R&B
P!nk,Most Girls,298960,False,2000,52,0.742,0.732,2,-6.046,0,0.0311,0.0424,0.00446,0.101,0.694,97.922,pop
Christina Aguilera,I Turn to You,273706,False,1999,61,0.599,0.47,1,-8.356,1,0.0376,0.38,0.0,0.111,0.298,127.177,pop
Madonna,American Pie,273533,False,2000,58,0.631,0.734,5,-7.48,0,0.036,0.348,0.0,0.135,0.591,124.036,pop
Red Hot Chili Peppers,Otherside,255373,False,1999,78,0.458,0.795,0,-3.265,1,0.0574,0.00316,0.000202,0.0756,0.513,123.229,rock
P!nk,There You Go,202800,False,2000,55,0.822,0.847,10,-6.729,0,0.0917,0.0854,0.0,0.0452,0.668,107.908,pop
Vengaboys,Shalala Lala,214819,False,2000,58,0.751,0.901,2,-5.802,1,0.0328,0.0504,0.00308,0.0395,0.973,124.017,pop
Madison Avenue,Don't Call Me Baby,228140,False,1999,56,0.808,0.982,3,-6.588,0,0.0311,0.0585,0.00689,0.35,0.961,124.999,Dance/Electronic
Céline Dion,That's the Way It Is,241373,False,1999,64,0.634,0.886,9,-5.424,1,0.0434,0.154,0.0,0.118,0.577,93.04,pop
Savage Garden,Crash and Burn,281466,False,1999,54,0.581,0.607,4,-8.458,1,0.028,0.189,1.6e-06,0.0882,0.213,102.03,pop
Westlife,My Love,231760,False,2000,68,0.491,0.593,0,-5.975,1,0.0255,0.098,0.0,0.257,0.328,144.142,pop
All Saints,Pure Shores,268746,False,2000,62,0.631,0.664,6,-9.197,1,0.0242,0.0498,0.00042,0.0696,0.407,100.618,pop
*NSYNC,It's Gonna Be Me,191040,False,2000,60,0.644,0.874,0,-4.666,0,0.0801,0.0459,2.24e-06,0.0584,0.882,165.09,pop
Backstreet Boys,Shape of My Heart,230093,False,2000,70,0.575,0.786,9,-4.353,1,0.0296,0.252,0.0,0.159,0.518,96.102,pop
Christina Aguilera,Come on over Baby (All I Want Is You) - Radio Version,203333,False,1999,64,0.829,0.915,8,-3.205,1,0.106,0.226,1.25e-05,0.246,0.779,118.903,pop
Britney Spears,Lucky,206226,False,2000,65,0.765,0.791,8,-5.707,1,0.0317,0.262,0.000154,0.0669,0.966,95.026,pop
Eminem,Stan,404106,True,2000,83,0.78,0.768,6,-4.325,0,0.238,0.0371,2.34e-06,0.518,0.507,80.063,hip hop
Christina Aguilera,"Lady Marmalade - From ""Moulin Rouge"" Soundtrack",264893,False,2001,68,0.76,0.801,5,-3.769,1,0.0534,0.0144,1.49e-05,0.665,0.653,109.919,pop
Train,Drops of Jupiter (Tell Me),259933,False,2001,77,0.481,0.638,0,-5.862,1,0.0276,0.153,0.0,0.154,0.497,79.064,pop
Geri Halliwell,It's Raining Men,254640,False,2001,62,0.637,0.929,5,-6.03,0,0.0447,0.063,0.00796,0.318,0.604,136.482,pop
Britney Spears,I'm a Slave 4 U,203600,False,2001,69,0.847,0.843,5,-3.579,0,0.106,0.415,0.000134,0.107,0.963,110.027,pop
Limp Bizkit,Rollin' (Air Raid Vehicle),213760,True,2000,73,0.603,0.933,1,-3.358,1,0.171,0.00591,0.0,0.206,0.709,96.306,metal
Lasgo,Something,220973,False,2001,65,0.643,0.981,7,-6.644,0,0.0439,0.0271,8.93e-05,0.11,0.38,140.01,pop
iio,Rapture (feat.Nadia Ali),253586,False,2006,54,0.661,0.855,8,-8.403,1,0.0377,0.0722,0.0185,0.199,0.601,123.943,Dance/Electronic
Emma Bunton,What Took You So Long?,241000,False,2001,54,0.668,0.772,9,-5.4,0,0.0307,0.123,0.0,0.341,0.911,118.011,pop
Blue,All Rise,223546,False,2001,63,0.721,0.737,5,-2.734,0,0.0324,0.121,0.0,0.165,0.931,97.996,pop
Dido,Thank You,218360,False,1999,73,0.725,0.583,1,-9.942,0,0.0427,0.3,0.000238,0.0665,0.762,79.984,pop
Roger Sanchez,Another Chance,452906,False,2000,50,0.61,0.82,3,-10.029,1,0.0312,0.000211,0.146,0.138,0.45,127.993,Dance/Electronic
Gorillaz,Clint Eastwood,340920,True,2001,74,0.663,0.694,10,-8.627,0,0.171,0.0253,0.0,0.0698,0.525,167.953,hip hop
2Pac,Until The End Of Time,266506,True,2001,57,0.757,0.706,8,-6.665,1,0.203,0.0267,0.0,0.197,0.375,96.976,hip hop
Jamiroquai,Little L,295400,False,2001,65,0.878,0.724,10,-5.373,0,0.129,0.168,0.0116,0.133,0.904,121.906,pop
Five,Let's Dance - Radio Edit,218626,False,2001,47,0.631,0.821,4,-7.853,0,0.0867,0.00876,0.000247,0.293,0.547,118.007,pop
Rui Da Silva,Touch Me (Radio Edit) [feat. Cassandra],213133,False,2001,54,0.464,0.922,0,-8.399,1,0.0638,0.124,0.227,0.0546,0.695,129.078,Dance/Electronic
Madonna,Don't Tell Me,280973,False,2000,53,0.699,0.618,7,-7.338,1,0.0594,0.0502,0.000925,0.0914,0.679,99.965,pop
Blue,If You Come Back,207560,False,2001,58,0.582,0.707,10,-4.487,1,0.0319,0.0822,0.0,0.0467,0.701,78.375,pop
Atomic Kitten,Eternal Flame - Single Version,195506,False,2001,58,0.578,0.581,0,-6.867,1,0.0318,0.0658,0.0042,0.0674,0.408,83.293,pop
Afroman,Because I Got High,197760,True,2001,68,0.802,0.341,7,-8.56,1,0.488,0.169,0.0,0.0783,0.849,166.01,hip hop
S Club 7,Don't Stop Movin',233626,False,2001,63,0.822,0.672,7,-6.133,1,0.0329,0.0285,0.0,0.213,0.91,117.033,pop
The Supermen Lovers,Starlight - Radio Edit,234400,False,2001,61,0.739,0.679,0,-5.079,1,0.0373,0.000424,0.0187,0.389,0.786,127.487,Dance/Electronic
S Club 7,Have You Ever,201533,False,2001,60,0.585,0.702,0,-5.734,1,0.0325,0.538,0.0,0.216,0.51,139.909,pop
Daniel Bedingfield,Gotta Get Thru This - D'N'D Radio Edit,162333,False,2002,46,0.836,0.762,7,-5.044,0,0.0598,0.0826,5.48e-05,0.102,0.941,133.592,pop
DB Boulevard,Point Of View - Radio Edit,231166,False,2018,0,0.676,0.715,6,-6.854,1,0.0287,0.00284,0.0746,0.0685,0.275,129.006,Dance/Electronic
Atomic Kitten,Whole Again,185013,False,2001,66,0.747,0.706,4,-4.653,1,0.0413,0.0844,0.00355,0.174,0.567,94.019,pop
DJ Pied Piper & The Masters Of Ceremonies,Do You Really Like It? - Radio Edit,217120,False,2001,54,0.847,0.877,2,-5.424,1,0.0493,0.124,0.0,0.148,0.764,131.044,Dance/Electronic
So Solid Crew,21 Seconds,302826,True,2001,51,0.607,0.637,1,-11.072,1,0.241,0.0191,0.0,0.124,0.818,137.03,Dance/Electronic
JAY-Z,Izzo (H.O.V.A.),240626,True,2001,63,0.618,0.844,1,-4.051,0,0.342,0.0178,0.000126,0.0634,0.697,84.411,hip hop
OPM,Heaven Is a Halfpipe (If I Die),257426,True,2000,56,0.743,0.894,8,-6.886,1,0.0349,0.0755,0.00283,0.367,0.77,95.9,rock
*NSYNC,Gone,292000,False,2001,45,0.699,0.403,11,-8.564,0,0.0614,0.421,0.0,0.126,0.5,113.922,pop
Eminem,Without Me,290320,True,2002,87,0.908,0.669,7,-2.827,1,0.0738,0.00286,0.0,0.237,0.662,112.238,hip hop
Avril Lavigne,Complicated,244506,False,2002,78,0.585,0.776,5,-5.898,1,0.0459,0.0572,7.74e-06,0.3,0.427,77.987,pop
The Calling,Wherever You Will Go,208600,False,2001,72,0.558,0.719,2,-5.113,1,0.0267,0.0367,0.0,0.115,0.371,112.027,pop
Eminem,'Till I Collapse,297786,True,2002,85,0.548,0.847,1,-3.237,1,0.186,0.0622,0.0,0.0816,0.1,171.447,hip hop
Madonna,Die Another Day,276360,False,2003,53,0.792,0.797,0,-5.166,0,0.0901,0.062,0.00325,0.0896,0.491,123.993,pop
Angie Martinez,If I Could Go! (feat. Lil' Mo & Sacario),244466,False,2019,40,0.583,0.643,9,-7.486,0,0.355,0.171,0.0,0.0395,0.7,195.685,pop
Chad Kroeger,Hero (feat. Josey Scott),200480,False,2003,66,0.427,0.843,4,-4.54,1,0.0364,0.00216,0.0,0.179,0.304,147.387,metal
Britney Spears,Overprotected - Radio Edit,198600,False,2001,61,0.682,0.894,0,-1.73,0,0.0727,0.0381,0.0,0.416,0.845,95.992,pop
Blue,One Love,207186,False,2002,60,0.683,0.722,8,-4.039,0,0.0358,0.0243,4.2e-05,0.35,0.854,95.012,pop
Céline Dion,A New Day Has Come - Radio Remix,259773,False,2001,59,0.574,0.691,6,-5.103,1,0.035,0.0826,1.65e-05,0.149,0.195,91.969,pop
Gareth Gates,Anyone of Us (Stupid Mistake),227866,False,2003,53,0.7,0.72,1,-6.061,1,0.0261,0.285,0.0,0.0845,0.654,106.986,pop
Christina Aguilera,Dirrty (feat. Redman),298853,False,2002,68,0.64,0.889,2,-3.073,1,0.322,0.107,0.0,0.339,0.436,99.931,pop
Dirty Vegas,Days Go By,432146,False,2002,48,0.786,0.853,9,-8.274,0,0.0688,0.0499,0.0872,0.35,0.309,126.99,Dance/Electronic
Liberty X,Just A Little,237359,False,2019,43,0.786,0.614,5,-6.554,0,0.0574,0.00616,0.0,0.049,0.742,103.887,pop
Red Hot Chili Peppers,Can't Stop,269000,False,2002,80,0.618,0.938,9,-3.442,1,0.0456,0.0179,0.0,0.167,0.875,91.455,rock
Charli Baltimore,Down 4 U,318213,True,2002,47,0.64,0.59,7,-7.442,1,0.32,0.252,0.0,0.665,0.519,83.133,pop
Gareth Gates,Unchained Melody,233666,False,2003,35,0.368,0.426,10,-8.049,1,0.0277,0.255,5.39e-06,0.108,0.208,106.52,pop
Big Brovaz,Nu Flow,201480,False,2001,45,0.783,0.726,7,-8.718,1,0.106,0.0903,2.53e-06,0.363,0.784,148.062,pop
Justin Timberlake,Like I Love You,283626,False,2002,62,0.853,0.811,6,-4.927,0,0.0646,0.0439,0.000307,0.0703,0.9,114.964,pop
A1,Caught in the Middle,206466,False,2001,53,0.519,0.874,5,-5.122,1,0.034,0.0524,0.0,0.243,0.572,96.072,pop
Eminem,Cleanin' Out My Closet,297840,True,2002,71,0.908,0.758,9,-4.753,0,0.174,0.0687,0.0,0.0783,0.87,148.015,hip hop
Delta Goodrem,Born to Try,251280,False,2003,54,0.542,0.589,8,-6.813,1,0.0284,0.246,0.0,0.188,0.336,133.838,pop
P!nk,Get the Party Started,192533,False,2001,68,0.802,0.903,11,-3.267,0,0.046,0.0011,0.0,0.173,0.96,128.93,pop
Daniel Bedingfield,Gotta Get Thru This - D'N'D Radio Edit,161240,False,2002,56,0.838,0.764,7,-5.076,0,0.0586,0.0862,0.000122,0.0906,0.924,133.592,pop
Avril Lavigne,Sk8er Boi,204000,False,2002,75,0.487,0.9,0,-4.417,1,0.0482,6.79e-05,0.0,0.358,0.484,149.937,pop
DJ Sammy,Heaven,233600,False,2002,63,0.571,0.953,8,-5.601,1,0.0548,0.0011,0.000606,0.226,0.601,137.965,pop
Britney Spears,"I'm Not a Girl, Not Yet a Woman",231066,False,2001,58,0.534,0.543,3,-6.857,1,0.0245,0.579,0.0,0.112,0.418,78.996,pop
Red Hot Chili Peppers,By the Way,216933,False,2002,73,0.451,0.97,0,-4.938,1,0.107,0.0264,0.00355,0.102,0.198,122.444,rock
Atomic Kitten,The Tide Is High - Radio Mix,206093,False,2002,65,0.783,0.649,7,-4.127,1,0.0322,0.0209,0.00482,0.067,0.665,103.997,pop
*NSYNC,Girlfriend,253600,False,2001,50,0.745,0.807,0,-5.191,0,0.0884,0.0887,1.49e-05,0.0283,0.858,93.967,pop
Daniel Bedingfield,If You're Not The One,257026,False,2002,58,0.688,0.538,10,-7.608,1,0.0292,0.504,0.0,0.111,0.27,119.998,pop
P!nk,Don't Let Me Get Me - Radio Edit,210693,False,2001,60,0.624,0.85,0,-4.754,0,0.0756,0.00234,0.0,0.0621,0.615,98.525,pop
Eminem,"Lose Yourself - From ""8 Mile"" Soundtrack",322226,True,2004,77,0.686,0.735,2,-4.616,1,0.264,0.00921,0.00066,0.342,0.0596,171.355,hip hop
t.A.T.u.,All The Things She Said,214440,True,2020,39,0.527,0.834,5,-5.767,0,0.0474,0.0411,0.00599,0.105,0.381,179.92,pop
JAY-Z,03' Bonnie & Clyde,205560,True,2002,71,0.759,0.678,9,-5.148,0,0.314,0.23,0.0,0.15,0.327,89.64,hip hop
Jamelia,Superstar,215480,False,2003,69,0.801,0.645,1,-6.93,1,0.0356,0.0457,0.0,0.0357,0.824,110.01,pop
Evanescence,Bring Me To Life,235893,False,2003,79,0.331,0.943,4,-3.188,0,0.0698,0.00721,2.06e-06,0.242,0.296,94.612,metal
Britney Spears,Me Against the Music (feat. Madonna) - LP Version / Video Mix,223773,False,2003,59,0.804,0.836,6,-6.635,0,0.089,0.32,0.0,0.213,0.85,120.046,pop
Blue,Sorry Seems To Be The Hardest Word,210066,False,2004,57,0.564,0.6,7,-6.814,0,0.0305,0.183,2.19e-06,0.38,0.442,78.955,pop
Delta Goodrem,Lost Without You,248546,False,2003,54,0.581,0.747,7,-6.682,1,0.0283,0.0365,1.69e-06,0.193,0.514,146.301,pop
Justin Timberlake,Rock Your Body,267266,False,2002,76,0.892,0.714,4,-6.055,0,0.141,0.201,0.000234,0.0521,0.817,100.972,pop
Christina Aguilera,Can't Hold Us Down (feat. Lil' Kim),255266,False,2002,61,0.859,0.658,8,-4.481,1,0.192,0.0326,0.00181,0.0651,0.538,98.989,pop
Blue,U Make Me Wanna - Radio Edit,222400,False,2003,48,0.6,0.736,7,-6.228,1,0.0329,0.325,0.0,0.137,0.848,158.108,pop
Room 5,Make Luv,212413,False,2003,57,0.883,0.887,1,-4.92,1,0.116,0.0111,0.63,0.0367,0.648,124.814,Dance/Electronic
Fatman Scoop,Be Faithful,164506,True,2009,49,0.649,0.713,7,-6.488,1,0.295,0.000787,0.0,0.318,0.629,101.129,hip hop
Limp Bizkit,Behind Blue Eyes,269973,False,2003,70,0.595,0.489,7,-6.66,1,0.0271,0.497,0.0,0.119,0.0902,120.315,metal
Eminem,Sing For The Moment,339546,True,2002,71,0.668,0.824,5,-4.164,0,0.137,0.0017,3.05e-06,0.0426,0.185,163.961,hip hop
Christina Aguilera,Fighter,245960,False,2002,67,0.435,0.92,4,-1.357,0,0.201,0.235,0.000353,0.552,0.45,188.899,pop
Electric Six,Danger! High Voltage - Soulchild Radio Mix,214600,False,2003,0,0.66,0.698,11,-4.722,0,0.0302,1.92e-05,0.166,0.0517,0.511,123.005,rock
Nas,I Can,253720,False,2002,58,0.837,0.885,6,-3.914,0,0.182,0.103,0.0,0.0666,0.694,95.313,hip hop
Justin Timberlake,Cry Me a River,288333,False,2002,73,0.624,0.654,8,-6.582,0,0.183,0.577,0.0,0.104,0.564,73.898,pop
Westlife,Mandy,199320,False,2003,57,0.447,0.636,5,-5.08,1,0.0278,0.254,9.25e-05,0.11,0.376,105.678,pop
JAY-Z,Excuse Me Miss,281240,True,2002,56,0.714,0.862,6,-5.531,1,0.286,0.0305,0.0,0.0884,0.887,92.849,hip hop
Junior Senior,Move Your Feet,181826,False,2002,67,0.747,0.904,9,-2.623,1,0.0803,0.046,0.106,0.203,0.846,118.877,pop
Dido,White Flag,240040,False,2003,44,0.512,0.525,5,-6.823,1,0.0401,0.327,3.3e-06,0.081,0.294,169.951,pop
The Roots,The Seed (2.0),267933,True,2002,63,0.758,0.957,7,-2.281,1,0.0357,0.039,0.0,0.133,0.966,111.121,hip hop
Daniel Bedingfield,If You're Not The One,257026,False,2002,58,0.688,0.538,10,-7.608,1,0.0292,0.504,0.0,0.111,0.27,119.998,pop
The Strokes,Reptilia,219826,False,2003,74,0.489,0.649,9,-5.11,1,0.0336,0.000603,0.713,0.101,0.77,158.009,rock
Avril Lavigne,I'm with You,223066,False,2002,70,0.457,0.406,9,-7.462,1,0.0291,0.08,0.0,0.117,0.208,151.95,pop
Will Young,Leave Right Now,214733,False,2003,55,0.641,0.445,6,-8.674,1,0.0368,0.145,0.0,0.108,0.383,81.931,pop
Maroon 5,This Love,206200,False,2002,77,0.712,0.862,5,-4.612,0,0.0378,0.0525,0.0,0.093,0.809,95.051,pop
Britney Spears,Toxic,198800,False,2003,81,0.774,0.838,5,-3.914,0,0.114,0.0249,0.025,0.242,0.924,143.04,pop
Anastacia,Left Outside Alone,257426,False,2004,65,0.663,0.746,2,-3.567,0,0.0321,0.0697,0.0,0.0929,0.325,102.847,pop
Daddy Yankee,Gasolina,192600,False,2004,11,0.857,0.801,0,-6.499,1,0.0618,0.332,1.2e-06,0.0789,0.753,96.009,latin
O-Zone,Dragostea Din Tei,215431,False,2004,56,0.809,0.965,0,-3.947,1,0.0427,0.177,0.0,0.0577,0.672,130.103,pop
Terror Squad,Lean Back,247426,True,2004,67,0.783,0.916,1,-3.344,1,0.415,0.11,0.0,0.0746,0.695,95.321,hip hop
Anastacia,Sick and Tired,212266,False,1999,56,0.598,0.868,0,-4.552,1,0.0373,0.00908,0.0,0.279,0.47,99.848,pop
The Rasmus,In the Shadows,257920,False,2003,68,0.6,0.796,2,-4.481,1,0.0275,0.000109,5.2e-05,0.484,0.75,105.991,metal
Akon,Locked Up,235066,True,2004,16,0.818,0.579,7,-4.475,1,0.101,0.023,0.0,0.107,0.354,89.987,pop
Mario Winans,I Don't Wanna Know (feat. Enya & P. Diddy) - 2016 Remaster,257333,False,2016,66,0.833,0.515,11,-5.0,0,0.0462,0.347,0.00156,0.116,0.4,97.007,pop
Spiderbait,Black Betty - Edit,205973,False,2004,63,0.562,0.865,7,-6.476,0,0.0922,2.06e-05,0.591,0.219,0.35,124.047,rock
Britney Spears,My Prerogative,213893,False,2004,53,0.749,0.938,10,-4.423,0,0.118,0.0127,1.96e-06,0.103,0.619,111.014,pop
JAY-Z,Dirt Off Your Shoulder,245173,True,2003,53,0.779,0.655,1,-7.147,1,0.318,0.0319,2.63e-06,0.339,0.645,163.971,hip hop
Avril Lavigne,Nobody's Home,212413,False,2004,61,0.348,0.907,5,-3.66,0,0.0497,0.000516,0.0,0.161,0.177,185.406,pop
Eminem,Just Lose It,248680,True,2004,67,0.94,0.633,8,-3.56,1,0.0467,0.0581,4.04e-05,0.281,0.962,121.003,hip hop
The Shapeshifters,Lola's Theme - Radio Edit,207066,False,2004,65,0.748,0.845,5,-4.612,0,0.0536,0.00083,0.000225,0.068,0.659,123.925,Dance/Electronic
Kevin Lyttle,Turn Me On,192106,False,2004,67,0.677,0.682,9,-6.879,1,0.0361,0.0405,0.0,0.0351,0.875,106.279,hip hop
N.E.R.D,She Wants To Move,213786,False,2004,57,0.766,0.851,5,-4.831,1,0.0786,0.00402,0.000744,0.256,0.8,115.012,hip hop
Britney Spears,Everytime,230306,False,2003,63,0.398,0.284,3,-12.852,1,0.0337,0.966,8.57e-05,0.116,0.114,109.599,pop
Franz Ferdinand,Take Me Out,237026,False,2004,77,0.277,0.663,4,-8.821,0,0.0377,0.000409,0.00051,0.136,0.527,104.561,rock
Kanye West,Jesus Walks,193733,True,2004,73,0.637,0.834,3,-4.686,0,0.323,0.614,0.0,0.317,0.715,87.312,hip hop
Evanescence,My Immortal,262533,False,2003,72,0.19,0.265,9,-9.206,1,0.0356,0.863,0.0,0.134,0.101,79.012,metal
Lemar,If There's Any Justice,229080,False,2004,46,0.706,0.665,6,-5.348,0,0.0453,0.0128,0.0,0.338,0.639,89.993,R&B
Avril Lavigne,Don't Tell Me,202013,False,2004,58,0.523,0.795,4,-2.92,1,0.0386,0.00462,0.0,0.358,0.484,144.106,pop
Green Day,American Idiot,176346,True,2004,77,0.38,0.988,1,-2.042,1,0.0639,2.64e-05,7.86e-05,0.368,0.769,186.113,rock
Kanye West,Through The Wire,221226,True,2004,76,0.571,0.739,7,-6.11,1,0.247,0.00865,5.21e-06,0.158,0.66,83.089,hip hop
Special D.,Come With Me - Radio Edit,185133,False,2004,61,0.739,0.999,7,-5.077,1,0.0803,0.13,0.00224,0.28,0.501,139.982,pop
Avril Lavigne,My Happy Ending,242413,True,2004,68,0.414,0.936,2,-2.407,1,0.0758,0.00136,0.0,0.369,0.74,170.229,pop
Dido,White Flag,240040,False,2003,44,0.512,0.525,5,-6.823,1,0.0401,0.327,3.3e-06,0.081,0.294,169.951,pop
Kanye West,All Falls Down,223506,True,2004,80,0.657,0.734,8,-4.832,0,0.484,0.149,0.0,0.139,0.434,91.03,hip hop
LMC,Take Me To The Clouds Above - LMC Vs. U2 / Radio Edit,171546,False,2004,59,0.668,0.905,6,-5.395,1,0.038,0.00232,0.0331,0.141,0.667,128.658,Dance/Electronic
Eminem,Like Toy Soldiers,296880,True,2004,48,0.52,0.768,8,-3.489,0,0.359,0.0193,0.00034,0.104,0.398,79.178,hip hop
Gary Jules,Mad World (Feat. Michael Andrews),189506,False,2001,65,0.345,0.0581,3,-17.217,1,0.0374,0.976,0.000366,0.103,0.304,174.117,pop
Ashlee Simpson,Pieces Of Me,217440,False,2004,56,0.505,0.799,2,-4.286,1,0.0773,0.0572,0.0,0.11,0.772,174.001,pop
Will Young,Leave Right Now,214733,False,2003,55,0.641,0.445,6,-8.674,1,0.0368,0.145,0.0,0.108,0.383,81.931,pop
Kanye West,Gold Digger,207626,True,2005,78,0.629,0.696,1,-5.572,0,0.348,0.0195,0.0,0.0554,0.623,93.034,hip hop
James Blunt,You're Beautiful,209493,True,2005,75,0.675,0.479,0,-9.87,0,0.0278,0.633,1.76e-05,0.088,0.454,81.998,pop
Green Day,Boulevard of Broken Dreams,261266,True,2004,72,0.49,0.679,8,-3.68,1,0.0309,0.00394,1.54e-05,0.0383,0.506,167.046,rock
Daniel Powter,Bad Day,233640,False,2005,74,0.599,0.785,3,-4.013,1,0.0309,0.448,0.00336,0.151,0.52,140.046,pop
Akon,Bananza (Belly Dancer),238493,False,2004,28,0.878,0.699,10,-5.897,0,0.132,0.0345,3.37e-06,0.755,0.666,104.838,pop
Madonna,Hung Up,337733,False,2005,74,0.649,0.647,9,-7.695,0,0.0452,0.0039,0.161,0.0686,0.405,125.02,pop
Crazy Frog,Axel F,168879,False,2005,67,0.86,0.907,2,-3.321,1,0.0407,0.279,0.693,0.0648,0.786,138.045,pop
Eminem,Ass Like That,265480,True,2004,52,0.646,0.796,2,-6.152,1,0.366,0.409,0.0,0.107,0.676,83.093,hip hop
The Chemical Brothers,Galvanize,393813,False,2005,63,0.745,0.714,7,-3.681,1,0.0751,0.0141,0.0222,0.363,0.365,104.003,Dance/Electronic
JAY-Z,Numb / Encore,205733,True,2004,76,0.687,0.793,2,-4.254,1,0.166,0.0603,0.0,0.582,0.751,107.045,hip hop
Gorillaz,Feel Good Inc.,222640,False,2005,82,0.818,0.705,6,-6.679,1,0.177,0.00836,0.00233,0.613,0.772,138.559,hip hop
Akon,Lonely,235800,True,2004,21,0.629,0.532,5,-7.88,0,0.0352,0.331,0.0,0.238,0.619,90.098,pop
Eminem,Mockingbird,250760,True,2004,77,0.637,0.678,0,-3.798,1,0.266,0.209,0.0,0.156,0.254,84.039,hip hop
Gorillaz,DARE,244999,False,2005,73,0.76,0.891,11,-5.852,0,0.0372,0.0229,0.0869,0.298,0.966,120.264,hip hop
Backstreet Boys,Incomplete,239586,False,2005,63,0.437,0.589,4,-4.834,1,0.0331,0.231,0.0,0.0768,0.165,133.631,pop
Kanye West,Diamonds From Sierra Leone - Remix,233400,True,2005,61,0.672,0.814,7,-3.768,1,0.27,0.258,0.0,0.164,0.379,97.043,hip hop
Franz Ferdinand,Do You Want To,215000,False,2005,61,0.412,0.944,0,-2.896,1,0.0448,0.0724,0.000493,0.801,0.79,123.091,rock
Thirty Seconds To Mars,The Kill,231533,False,2005,74,0.179,0.912,4,-3.881,0,0.0791,0.0014,0.000294,0.582,0.289,182.99,rock
2Pac,Ghetto Gospel,238053,True,2004,68,0.794,0.614,5,-5.352,0,0.0467,0.0964,0.0,0.0788,0.663,80.569,hip hop
Kaiser Chiefs,Everyday I Love You Less And Less,217706,False,2005,58,0.49,0.956,1,-4.556,0,0.0407,0.00466,6.15e-06,0.242,0.577,160.028,rock
Westlife,You Raise Me Up,241066,False,2005,1,0.129,0.358,10,-6.596,1,0.0314,0.631,0.0,0.0886,0.172,75.048,pop
Arctic Monkeys,I Bet You Look Good On The Dancefloor,173680,False,2006,71,0.535,0.948,6,-4.19,0,0.0356,0.00225,0.0,0.376,0.778,103.183,rock
Shayne Ward,That's My Goal,219600,False,2006,1,0.286,0.508,2,-5.966,1,0.0336,0.372,0.0,0.27,0.14,68.637,pop
Kaiser Chiefs,I Predict A Riot,233186,False,2005,63,0.395,0.979,8,-3.241,1,0.0766,0.0243,0.0,0.12,0.41,158.842,rock
Ryan Cabrera,True,204173,False,2004,62,0.598,0.4,6,-10.054,1,0.0241,0.459,0.0,0.151,0.369,96.938,pop
Eminem,Like Toy Soldiers,296880,True,2004,67,0.52,0.768,8,-3.489,0,0.359,0.0193,0.00034,0.104,0.398,79.178,hip hop
Toby Keith,As Good As I Once Was,227840,False,2005,67,0.68,0.87,5,-4.461,1,0.0393,0.266,0.0,0.109,0.646,119.075,country
Justin Timberlake,SexyBack (feat. Timbaland),242733,True,2006,78,0.967,0.583,7,-5.562,0,0.0789,0.0584,0.0,0.0519,0.964,117.0,pop
Amy Winehouse,Rehab,214946,False,2006,71,0.407,0.558,0,-13.609,1,0.0552,0.0541,1.51e-06,0.34,0.777,71.815,R&B
Madonna,Sorry,281880,False,2005,61,0.589,0.877,0,-6.229,0,0.046,0.00121,0.013,0.169,0.443,132.971,pop
Eminem,Shake That,274440,True,2005,74,0.963,0.643,1,-5.785,0,0.117,0.0507,4.94e-05,0.157,0.534,107.005,hip hop
Muse,Supermassive Black Hole,212439,False,2006,75,0.668,0.921,7,-3.727,1,0.0439,0.0492,0.00517,0.0877,0.782,120.0,rock
Infernal,From Paris to Berlin,209666,False,2004,57,0.741,0.869,9,-6.534,0,0.0816,0.096,0.0,0.0396,0.839,126.069,pop
The Notorious B.I.G.,"Nasty Girl (feat. Diddy, Nelly, Jagged Edge & Avery Storm) - 2005 Remaster",286186,True,2005,68,0.833,0.628,2,-7.041,1,0.141,0.0949,1.6e-06,0.282,0.645,106.328,hip hop
Shayne Ward,No Promises,223066,False,2006,1,0.5,0.498,4,-6.087,1,0.026,0.527,0.0,0.123,0.182,79.798,pop
Justin Timberlake,My Love (feat. T.I.),276160,False,2006,72,0.771,0.68,11,-5.881,0,0.224,0.277,1.18e-05,0.682,0.808,119.952,pop
Take That,Patience,202066,False,2006,64,0.309,0.783,10,-4.154,1,0.0405,0.142,1.11e-06,0.118,0.372,175.788,pop
P!nk,Stupid Girls,197173,True,2006,0,0.683,0.886,4,-5.045,0,0.071,0.000738,0.00188,0.0524,0.566,100.04,pop
Eminem,When I'm Gone,281320,True,2005,68,0.618,0.746,10,-5.476,0,0.352,0.0553,0.0,0.273,0.75,75.272,hip hop
Kanye West,Touch The Sky,236600,True,2005,73,0.552,0.846,9,-4.912,1,0.342,0.0114,0.0,0.309,0.554,98.56,hip hop
Evanescence,Call Me When You're Sober,214706,False,2006,65,0.45,0.883,7,-4.094,1,0.0524,0.00193,0.0,0.293,0.328,93.41,metal
Fall Out Boy,"Dance, Dance",180266,False,2005,74,0.622,0.961,11,-3.198,0,0.154,0.00523,0.0,0.0854,0.449,114.452,rock
Nick Lachey,What's Left Of Me,244613,False,2006,37,0.42,0.742,7,-5.665,1,0.0375,0.142,0.0,0.145,0.294,149.965,pop
Arctic Monkeys,When The Sun Goes Down,202133,True,2006,72,0.348,0.875,11,-4.758,0,0.199,0.0341,0.0,0.117,0.407,169.152,rock
Rascal Flatts,Life is a Highway,276773,False,2006,0,0.561,0.936,5,-5.409,1,0.0613,0.00185,0.0,0.102,0.594,103.055,country
Lily Allen,Smile,196893,True,2006,68,0.632,0.639,5,-5.938,1,0.0259,0.00143,0.0,0.221,0.733,95.506,pop
Amy Winehouse,You Know I'm No Good,256946,False,2006,63,0.705,0.806,9,-3.607,1,0.0309,0.0132,0.00428,0.0701,0.734,103.383,R&B
Rascal Flatts,What Hurts The Most,214106,False,2006,69,0.537,0.674,5,-5.134,0,0.0277,0.0088,0.0,0.265,0.33,136.002,country
Red Hot Chili Peppers,Dani California,282160,False,2006,76,0.556,0.913,0,-2.36,1,0.0437,0.0193,8.59e-06,0.346,0.73,96.184,rock
The Raconteurs,"Steady, As She Goes",215266,False,2006,56,0.525,0.578,9,-4.563,1,0.12,0.0132,0.00916,0.108,0.537,123.696,rock
The Fratellis,Chelsea Dagger,215306,False,2006,68,0.511,0.815,7,-3.14,1,0.144,0.0491,0.0,0.0826,0.586,154.514,rock
Panic! At The Disco,I Write Sins Not Tragedies,185586,False,2005,70,0.566,0.815,9,-4.481,0,0.14,0.0737,0.0,0.12,0.672,169.961,rock
James Blunt,Goodbye My Lover,258653,False,2005,67,0.432,0.261,4,-12.591,1,0.0512,0.953,0.00342,0.0903,0.273,89.567,pop
Christina Aguilera,Ain't No Other Man,228906,False,2006,63,0.862,0.742,7,-4.722,1,0.222,0.00376,0.00855,0.103,0.511,127.91,pop
Westlife,The Rose,219106,False,2006,0,0.272,0.203,9,-9.706,1,0.0294,0.784,0.0,0.0805,0.172,109.581,pop
Keane,Is It Any Wonder?,186173,False,2006,59,0.489,0.955,11,-2.771,0,0.0363,3.82e-05,0.000178,0.334,0.816,129.352,pop
Orson,No Tomorrow,167493,False,2006,46,0.656,0.624,3,-4.623,0,0.0691,0.0065,0.0,0.278,0.735,124.082,pop
Natasha Bedingfield,Unwritten,259333,False,2004,2,0.706,0.8,5,-6.333,1,0.0399,0.00584,0.0,0.0822,0.629,100.011,pop
The Fray,How to Save a Life,262533,False,2005,79,0.64,0.743,10,-4.08,1,0.0379,0.269,0.0,0.101,0.361,122.035,pop
My Chemical Romance,Welcome to the Black Parade,311106,False,2006,76,0.217,0.905,2,-4.103,1,0.0752,0.000289,0.00011,0.222,0.236,96.95,rock
P!nk,Who Knew,208493,False,2006,0,0.688,0.734,9,-4.569,1,0.0274,0.00462,0.0,0.0756,0.46,140.004,pop
The Kooks,Naive,203506,False,2006,73,0.391,0.808,8,-6.209,0,0.0892,0.0759,0.0,0.149,0.737,100.304,rock
Britney Spears,Gimme More,251240,False,2007,79,0.788,0.844,2,-3.131,1,0.0334,0.25,0.000678,0.0723,0.382,113.324,pop
Mark Ronson,Valerie (feat. Amy Winehouse) - Version Revisited,219413,False,2007,0,0.698,0.844,1,-4.789,1,0.0544,0.00253,0.000426,0.124,0.896,105.828,pop
Plain White T's,Hey There Delilah,232533,False,2005,78,0.656,0.291,2,-10.572,1,0.0293,0.872,0.0,0.114,0.298,103.971,pop
Justin Timberlake,What Goes Around.../...Comes Around (Interlude),448573,False,2006,70,0.687,0.723,7,-4.751,1,0.0709,0.122,0.00102,0.573,0.432,76.0,pop
Alex Gaudino,Destination Calabria - Radio Edit,223111,False,2007,73,0.627,0.954,2,-4.804,1,0.0425,0.0015,0.000814,0.292,0.312,128.016,Dance/Electronic
Akon,Smack That,212360,True,2006,58,0.94,0.743,5,-5.166,0,0.0475,0.317,0.0,0.0909,0.932,118.988,pop
Kanye West,Stronger,311866,True,2007,54,0.617,0.717,10,-7.858,0,0.153,0.00564,0.0,0.408,0.49,103.992,hip hop
Akon,I Wanna Love You,247066,True,2006,53,0.865,0.45,0,-9.387,1,0.0417,0.0359,1.28e-06,0.308,0.352,99.989,pop
P!nk,U + Ur Hand,214386,True,2006,0,0.709,0.891,0,-3.688,1,0.0528,0.00144,0.0,0.034,0.886,141.04,pop
Kanye West,Can't Tell Me Nothing,271600,True,2007,47,0.596,0.62,5,-6.133,0,0.039,0.0122,0.0,0.82,0.102,80.029,hip hop
Justin Timberlake,Summer Love,252973,False,2006,66,0.606,0.591,0,-7.228,0,0.087,0.0756,0.0,0.328,0.477,95.802,pop
Take That,Patience,202066,False,2006,64,0.309,0.783,10,-4.154,1,0.0405,0.142,1.11e-06,0.118,0.372,175.788,pop
Arctic Monkeys,Brianstorm,172866,False,2007,67,0.42,0.974,1,-4.706,1,0.191,8.15e-05,0.00155,0.0871,0.463,165.182,rock
Justin Timberlake,My Love (feat. T.I.),276160,False,2006,72,0.771,0.68,11,-5.881,0,0.224,0.277,1.18e-05,0.682,0.808,119.952,pop
My Chemical Romance,Teenagers,161920,False,2006,80,0.463,0.857,4,-3.063,1,0.0632,0.0506,0.0,0.184,0.856,111.647,rock
Avril Lavigne,Girlfriend,216600,True,2007,75,0.56,0.959,7,-2.433,1,0.102,0.000722,0.000221,0.209,0.669,163.983,pop
Klaxons,Golden Skans,165120,False,2007,65,0.463,0.836,2,-2.776,0,0.0381,0.000418,7.38e-06,0.25,0.713,141.955,rock
Fall Out Boy,Thnks fr th Mmrs,203506,False,2007,76,0.459,0.891,10,-5.057,0,0.0623,0.00511,0.0,0.106,0.588,154.837,rock
Justin Timberlake,LoveStoned / I Think She Knows (Interlude),444333,True,2006,57,0.859,0.681,1,-6.247,1,0.0549,0.34,0.000161,0.213,0.852,121.243,pop
All Time Low,"Dear Maria, Count Me In",182826,False,2007,76,0.459,0.895,2,-3.126,1,0.0805,0.00725,0.0,0.206,0.572,181.04,rock
Amy Winehouse,Back To Black,241293,True,2006,76,0.403,0.422,7,-13.964,0,0.0373,0.134,2.05e-05,0.0861,0.378,122.728,R&B
T2,Heartbroken - Edit,178613,False,2017,59,0.716,0.757,11,-5.438,0,0.0329,0.0258,0.00392,0.16,0.877,139.986,Dance/Electronic
Maroon 5,Makes Me Wonder,211080,True,2007,62,0.803,0.851,7,-2.429,1,0.0357,0.00485,0.000358,0.0577,0.881,113.996,pop
Fall Out Boy,"This Ain't A Scene, It's An Arms Race",212040,False,2007,68,0.435,0.887,9,-4.07,1,0.0636,0.000747,0.0,0.0327,0.408,199.935,rock
Kaiser Chiefs,Ruby,204200,False,2007,67,0.451,0.939,5,-2.82,0,0.0512,0.00673,4.85e-06,0.0774,0.448,93.416,rock
Mark Ronson,Stop Me (feat. Daniel Merriweather),232946,False,2007,46,0.626,0.906,0,-4.334,1,0.0403,0.00128,8.52e-06,0.137,0.346,118.035,pop
The Red Jumpsuit Apparatus,Face Down,192000,False,2006,74,0.545,0.932,7,-2.189,0,0.0399,0.000665,0.0,0.127,0.464,92.956,pop
MIKA,Grace Kelly,187733,False,2006,69,0.675,0.828,0,-5.799,1,0.0454,0.0242,0.0102,0.364,0.669,122.229,pop
Christina Aguilera,Candyman,194213,False,2006,66,0.686,0.789,8,-4.713,0,0.23,0.0125,0.0147,0.142,0.72,172.976,pop
Akon,Don't Matter,293066,True,2006,52,0.801,0.454,2,-6.035,1,0.0371,0.225,0.0,0.226,0.34,125.139,pop
James Blunt,1973,280026,False,2007,68,0.72,0.668,9,-7.928,1,0.0269,0.0652,0.00664,0.0789,0.768,123.007,pop
Just Jack,Starz In Their Eyes,295933,False,2006,52,0.67,0.8,3,-6.731,1,0.0652,0.00184,0.000356,0.466,0.656,123.802,Dance/Electronic
Avril Lavigne,When You're Gone,240493,False,2007,68,0.457,0.719,4,-3.921,0,0.0323,0.191,0.0,0.228,0.168,142.034,pop
MIKA,Love Today,235173,False,2006,57,0.673,0.913,4,-4.981,1,0.0664,0.0304,0.00298,0.113,0.587,124.484,pop
Boys Like Girls,The Great Escape,206520,False,2007,62,0.423,0.94,1,-4.012,0,0.0635,0.00166,0.0,0.178,0.505,149.934,pop
Take That,Rule The World - Radio Edit,237760,False,2007,58,0.357,0.774,2,-4.226,1,0.034,0.0376,0.0,0.348,0.348,164.054,pop
Red Hot Chili Peppers,Snow (Hey Oh),334666,False,2006,79,0.427,0.9,11,-3.674,1,0.0499,0.116,1.75e-05,0.119,0.599,104.655,rock
Katy Perry,I Kissed A Girl,179640,False,2008,73,0.699,0.76,5,-3.173,1,0.0677,0.00223,0.0,0.132,0.696,129.996,pop
Guru Josh Project,Infinity 2008,190013,False,2011,1,0.493,0.849,7,-6.139,0,0.0576,0.000337,0.00672,0.355,0.483,127.999,hip hop
Britney Spears,Break the Ice,196053,False,2007,61,0.712,0.911,5,-3.866,0,0.0445,0.689,8.02e-06,0.107,0.85,117.533,pop
Basshunter,Now You're Gone - Video Edit,148186,False,2008,63,0.639,0.976,1,-5.503,1,0.354,0.0213,0.0,0.0856,0.354,147.99,pop
Kanye West,Flashing Lights,237506,True,2007,52,0.639,0.628,6,-7.578,0,0.0399,0.0381,0.0,0.386,0.43,90.482,hip hop
Madonna,4 Minutes (feat. Justin Timberlake & Timbaland),189693,False,2009,71,0.753,0.931,2,-4.922,1,0.0652,0.00994,0.00696,0.234,0.767,113.029,pop
Katy Perry,Hot N Cold,220226,False,2008,73,0.706,0.841,7,-3.956,1,0.0418,7.95e-05,0.0,0.0688,0.861,132.032,pop
Akon,Right Now (Na Na Na),240746,False,2008,69,0.83,0.857,8,-4.194,0,0.152,0.262,0.0,0.413,0.607,137.982,pop
Britney Spears,Womanizer,224400,False,2008,76,0.724,0.695,11,-5.226,1,0.0622,0.073,0.0,0.0889,0.235,139.0,pop
Madonna,Give It 2 Me,287906,False,2008,57,0.837,0.954,8,-3.512,0,0.0414,0.0933,0.000405,0.143,0.972,127.019,pop
Britney Spears,Piece of Me,212106,False,2007,64,0.769,0.638,11,-5.054,1,0.216,0.0902,0.0,0.0857,0.782,115.007,pop
Miley Cyrus,See You Again,190453,False,2007,0,0.692,0.911,9,-5.098,0,0.177,0.0149,7.34e-05,0.112,0.801,138.975,pop
Basshunter,All I Ever Wanted - Radio Edit,176453,False,2008,65,0.645,0.984,4,-7.051,1,0.0508,0.164,0.00701,0.164,0.553,144.954,pop
Alesha Dixon,The Boy Does Nothing,210680,False,2008,51,0.632,0.972,3,-2.423,0,0.121,0.121,7.74e-05,0.0317,0.845,87.0,pop
Gabriella Cilmi,Sweet About Me,202133,False,2008,56,0.671,0.701,6,-5.035,1,0.0288,0.0607,2.7e-06,0.163,0.585,131.977,R&B
Natasha Bedingfield,Pocketful of Sunshine,203440,False,2008,62,0.726,0.881,9,-3.892,0,0.0391,0.203,0.0,0.108,0.682,110.019,pop
Kanye West,Homecoming,203493,True,2007,47,0.667,0.747,1,-7.059,1,0.189,0.337,0.0,0.115,0.918,86.917,hip hop
Estelle,American Boy,284733,True,2008,78,0.727,0.729,0,-2.99,1,0.326,0.171,0.0,0.07,0.512,117.932,R&B
Pendulum,Propane Nightmares,313346,False,2008,57,0.356,0.966,7,-4.13,0,0.0825,0.000262,0.148,0.192,0.215,173.992,Dance/Electronic
P!nk,So What,215160,True,2008,76,0.534,0.87,11,-3.078,0,0.0425,0.000334,0.0,0.241,0.462,126.019,pop
Kanye West,Love Lockdown,270306,False,2008,66,0.76,0.524,1,-7.67,0,0.0323,0.0542,0.5,0.112,0.112,119.603,hip hop
MGMT,Kids,302840,False,2007,77,0.451,0.931,9,-3.871,1,0.0719,0.00076,0.0049,0.361,0.172,122.961,rock
"H ""two"" O",What's It Gonna Be (feat. Platnum),207476,False,2008,55,0.733,0.9,9,-4.758,1,0.0341,0.0085,0.0218,0.151,0.937,139.61,Dance/Electronic
OneRepublic,Stop And Stare,223853,False,2007,59,0.492,0.859,4,-4.274,1,0.0332,0.0659,0.0,0.0756,0.251,92.474,pop
Alexandra Burke,Hallelujah,217826,False,2009,63,0.177,0.425,2,-6.211,0,0.0291,0.654,0.0,0.195,0.0942,182.571,pop
Kings of Leon,Sex on Fire,203346,False,2008,80,0.542,0.905,9,-5.653,1,0.054,0.00172,0.0104,0.136,0.374,153.398,rock
Kanye West,Good Life,207000,True,2007,45,0.439,0.808,1,-6.881,1,0.346,0.00305,0.0,0.439,0.487,82.962,hip hop
David Archuleta,Crush,213520,False,2008,67,0.57,0.664,0,-4.718,0,0.0322,0.00836,1.2e-05,0.0719,0.487,162.084,pop
Jonas Brothers,Burnin' Up,175093,False,2008,68,0.667,0.954,2,-3.462,1,0.0817,0.0296,0.0,0.331,0.807,114.03,pop
Lady Gaga,Poker Face,237200,False,2008,77,0.851,0.806,4,-4.62,1,0.0787,0.118,1.64e-06,0.121,0.787,118.999,pop
Taylor Swift,Love Story,236266,False,2008,74,0.617,0.741,2,-3.97,1,0.0311,0.131,0.0,0.0772,0.306,118.984,pop
Britney Spears,Circus,192360,False,2008,74,0.791,0.733,6,-5.215,0,0.052,0.147,0.000381,0.0713,0.761,114.98,pop
Lady Gaga,LoveGame,216333,False,2008,69,0.894,0.678,6,-5.611,0,0.0523,0.00569,2.43e-06,0.317,0.844,105.024,pop
Kanye West,Heartless,211000,False,2008,82,0.79,0.647,10,-5.983,0,0.136,0.0515,0.0,0.248,0.654,87.999,hip hop
Kid Cudi,Day 'N' Nite (Nightmare),221240,False,2009,72,0.88,0.443,11,-6.359,0,0.0653,0.462,7.13e-06,0.122,0.803,138.018,hip hop
Lady Gaga,Just Dance,241933,False,2008,76,0.822,0.739,1,-4.541,0,0.0311,0.0264,4.26e-05,0.181,0.745,118.992,pop
Britney Spears,If U Seek Amy,216520,False,2008,69,0.717,0.587,4,-7.296,0,0.0339,0.0192,0.0,0.0523,0.544,129.954,pop
Lady Gaga,Paparazzi,208306,False,2008,70,0.762,0.692,5,-3.973,0,0.0438,0.113,0.0,0.094,0.397,114.906,pop
JAY-Z,Empire State Of Mind,276920,True,2009,82,0.491,0.956,11,-1.538,1,0.392,0.0295,0.0,0.46,0.811,173.585,hip hop
OneRepublic,All The Right Moves,238000,False,2009,65,0.529,0.948,0,-3.527,1,0.0474,0.258,9.35e-06,0.283,0.65,146.024,pop
JAY-Z,Run This Town,267520,True,2009,75,0.632,0.924,1,-1.802,1,0.29,0.281,0.0,0.263,0.441,86.844,hip hop
Lady Gaga,Bad Romance,294573,True,2009,80,0.696,0.921,0,-3.755,1,0.0363,0.00314,5.24e-05,0.0842,0.714,119.001,pop
Eminem,We Made You,269613,False,2009,63,0.924,0.853,2,-1.203,1,0.0792,0.107,1.45e-06,0.129,0.67,114.003,hip hop
The xx,Intro,127920,False,2009,2,0.617,0.778,9,-8.871,0,0.027,0.459,0.925,0.128,0.152,100.363,rock
Eminem,Crack A Bottle,297520,True,2009,70,0.516,0.874,9,-2.571,1,0.186,0.0864,0.0,0.173,0.391,169.561,hip hop
P!nk,Sober,251440,False,2010,46,0.614,0.792,6,-4.907,1,0.0299,0.0653,0.0,0.195,0.407,91.066,pop
JLS,Beat Again - Radio Edit,196640,False,2009,0,0.894,0.93,11,-4.577,1,0.0712,0.0355,0.0,0.0759,0.968,120.02,pop
Akon,Beautiful,312986,False,2008,65,0.74,0.945,0,-4.442,0,0.0889,0.123,0.0,0.112,0.629,130.015,pop
Alexandra Burke,Bad Boys (feat. Flo Rida),206480,False,2009,57,0.67,0.866,1,-3.684,1,0.0538,0.0115,0.0,0.358,0.636,140.029,pop
Kanye West,Love Lockdown,270306,False,2008,66,0.76,0.524,1,-7.67,0,0.0323,0.0542,0.5,0.112,0.112,119.603,hip hop
Lily Allen,Not Fair,201213,True,2009,54,0.719,0.861,5,-6.982,1,0.0402,0.0447,0.00989,0.219,0.948,121.491,pop
Kasabian,Fire,252279,False,2009,64,0.525,0.742,10,-5.643,1,0.0311,0.0874,0.149,0.117,0.179,117.029,rock
Justin Bieber,One Time,215866,False,2009,71,0.691,0.853,1,-2.528,0,0.0372,0.0631,7.13e-05,0.082,0.762,145.999,pop
Muse,Uprising,304840,False,2009,75,0.602,0.905,2,-4.046,1,0.0775,0.000202,0.064,0.117,0.411,128.019,rock
Boys Like Girls,Love Drunk,226706,False,2009,64,0.44,0.976,10,-3.17,1,0.141,0.00177,3.39e-06,0.16,0.412,150.005,pop
OneRepublic,Secrets,224693,False,2009,74,0.516,0.764,2,-6.223,1,0.0366,0.0717,0.0,0.115,0.376,148.021,pop
JLS,Everybody in Love,195586,False,2013,39,0.705,0.783,5,-5.971,0,0.0327,0.0703,0.0,0.36,0.656,140.022,pop
Jason Aldean,Big Green Tractor,204200,False,2009,50,0.616,0.596,4,-5.035,1,0.0289,0.654,0.0,0.218,0.58,137.077,country
The Fray,Never Say Never,256613,False,2009,67,0.23,0.492,8,-5.767,1,0.0317,0.568,8.18e-06,0.176,0.262,160.139,pop
Lily Allen,The Fear,207120,True,2009,53,0.661,0.847,10,-6.948,1,0.0404,0.419,8.82e-05,0.107,0.522,134.002,pop
Kings of Leon,Sex on Fire,203346,False,2008,80,0.542,0.905,9,-5.653,1,0.054,0.00172,0.0104,0.136,0.374,153.398,rock
Miley Cyrus,Party In The U.S.A.,202066,False,2009,79,0.652,0.698,10,-4.667,0,0.042,0.00112,0.000115,0.0886,0.47,96.021,pop
Green Day,21 Guns,321093,False,2009,73,0.268,0.742,5,-4.939,1,0.0355,0.0518,0.0,0.626,0.416,159.779,rock
Taylor Swift,You Belong With Me,231146,False,2008,55,0.687,0.771,6,-4.424,1,0.0384,0.164,2.46e-05,0.112,0.445,129.964,pop
Katy Perry,Waking Up In Vegas,199186,False,2008,49,0.524,0.878,5,-3.108,0,0.0346,0.0012,0.0,0.098,0.59,130.989,pop
The Fray,You Found Me,241853,False,2009,73,0.338,0.803,8,-5.412,0,0.0413,0.0187,0.0,0.136,0.4,151.994,pop
Bruno Mars,Just the Way You Are,220734,False,2010,77,0.635,0.841,5,-5.379,1,0.0422,0.0134,0.0,0.0622,0.424,109.021,pop
Eminem,Love The Way You Lie,263373,True,2010,81,0.749,0.925,10,-5.034,1,0.227,0.241,0.0,0.52,0.641,86.989,hip hop
Lady Gaga,Bad Romance,294573,True,2009,80,0.696,0.921,0,-3.755,1,0.0363,0.00314,5.24e-05,0.0842,0.714,119.001,pop
Stromae,Alors on danse - Radio Edit,206066,False,2010,77,0.791,0.59,1,-9.206,0,0.0793,0.0994,0.00203,0.065,0.714,119.951,pop
Katy Perry,California Gurls,234653,False,2012,72,0.791,0.754,0,-3.729,1,0.0569,0.00446,0.0,0.163,0.425,125.014,pop
INNA,Hot - Play & Win Radio Version,217036,False,2010,42,0.817,0.939,7,-6.079,0,0.28,0.0798,0.441,0.431,0.599,128.0,pop
Duck Sauce,Barbra Streisand - Radio Edit,196533,False,2010,46,0.769,0.922,1,-1.966,1,0.108,0.000939,0.197,0.233,0.506,127.965,Dance/Electronic
Lucenzo,Danza Kuduro (feat. Don Omar),213986,False,2011,0,0.622,0.942,7,-6.365,1,0.112,0.00713,0.0,0.0715,0.773,130.003,latin
Edward Maya,Stereo Love - Radio Edit,184573,False,2010,66,0.799,0.783,1,-3.896,0,0.0322,0.0346,0.0186,0.0757,0.586,127.041,pop
Sidney Samson,Riverside,320348,True,2009,47,0.804,0.976,1,-2.458,0,0.0445,0.00023,0.894,0.125,0.237,125.997,Dance/Electronic
Eminem,Not Afraid,248133,True,2010,79,0.855,0.954,0,-1.19,0,0.264,0.529,0.0,0.205,0.668,114.635,hip hop
Lady Gaga,Alejandro,274213,False,2009,67,0.623,0.793,11,-6.63,0,0.0462,0.000397,0.0015,0.375,0.36,98.998,pop
Bruno Mars,Talking to the Moon,217866,False,2010,76,0.498,0.59,1,-4.721,0,0.032,0.511,0.0,0.107,0.0784,145.867,pop
Miley Cyrus,Can't Be Tamed,168213,False,2010,0,0.63,0.91,11,-2.919,0,0.144,0.0287,0.0,0.196,0.743,116.98,pop
Lady Gaga,Telephone,220640,False,2009,69,0.824,0.836,3,-5.903,1,0.0404,0.00521,0.000817,0.112,0.716,122.014,pop
Yolanda Be Cool,We No Speak Americano (JT Radio Edit),157438,False,2010,1,0.901,0.805,6,-5.005,1,0.0464,0.0712,0.0812,0.0923,0.737,124.996,Dance/Electronic
Adam Lambert,Whataya Want from Me,227320,False,2009,57,0.438,0.672,11,-4.706,0,0.0429,0.0055,0.0,0.0583,0.457,185.934,pop
Maroon 5,Misery,216200,False,2010,67,0.703,0.81,4,-4.874,0,0.0424,0.000315,0.0,0.216,0.726,102.978,pop
Justin Bieber,Baby,214240,False,2010,81,0.728,0.859,5,-5.237,0,0.137,0.0401,0.0,0.111,0.535,65.043,pop
Aloe Blacc,I Need A Dollar,243053,False,2010,1,0.84,0.482,6,-7.116,0,0.0333,0.202,0.0,0.0873,0.957,95.498,R&B
Take That,The Flood,289359,False,2010,57,0.514,0.83,11,-6.077,0,0.044,0.0378,1.43e-06,0.122,0.138,100.631,pop
Plan B,She Said,208853,False,2010,62,0.72,0.538,3,-5.85,0,0.141,0.301,3.03e-06,0.144,0.815,147.007,Dance/Electronic
JAY-Z,Young Forever,253906,True,2009,65,0.637,0.69,9,-3.214,0,0.0693,0.417,0.0,0.211,0.103,140.329,hip hop
Katy Perry,Teenage Dream,227741,False,2010,69,0.719,0.798,10,-4.582,1,0.0361,0.0162,2.34e-06,0.134,0.591,120.011,pop
Taylor Swift,Back To December,293026,False,2010,65,0.529,0.67,2,-4.663,1,0.0303,0.117,0.0,0.334,0.286,141.893,pop
Kris Allen,Live Like We're Dying,212506,False,2009,51,0.589,0.893,0,-2.948,1,0.0397,0.0273,0.0,0.343,0.94,92.011,pop
Matt Cardle,When We Collide,226000,False,2011,46,0.443,0.683,2,-5.521,1,0.0343,0.0198,5.26e-06,0.313,0.447,81.986,pop
The Band Perry,If I Die Young,222773,False,2010,64,0.606,0.497,4,-6.611,1,0.0277,0.348,0.0,0.275,0.362,130.739,country
Maroon 5,"Moves Like Jagger - Studio Recording From ""The Voice"" Performance",201493,False,2010,77,0.722,0.761,11,-4.459,0,0.0475,0.0117,0.0,0.315,0.624,128.044,pop
Katy Perry,Firework,227893,False,2010,72,0.638,0.832,8,-5.039,1,0.049,0.141,0.0,0.113,0.648,124.071,pop
Bruno Mars,Grenade,222091,False,2010,78,0.704,0.558,2,-7.273,0,0.0542,0.148,0.0,0.107,0.245,110.444,pop
Katy Perry,E.T.,229573,False,2012,65,0.62,0.869,1,-5.252,1,0.175,0.0181,0.0,0.369,0.76,151.684,pop
Britney Spears,I Wanna Go,210266,False,2011,66,0.696,0.546,5,-6.55,1,0.0414,0.00379,3.8e-06,0.332,0.787,130.002,pop
Edward Maya,Stereo Love - Radio Edit,184573,False,2010,66,0.799,0.783,1,-3.896,0,0.0322,0.0346,0.0186,0.0757,0.586,127.041,pop
Sak Noel,Loca People - Radio Edit,215624,True,2011,49,0.926,0.808,11,-3.148,0,0.0599,0.000915,0.00327,0.0515,0.701,127.998,Dance/Electronic
Britney Spears,Till the World Ends,237946,False,2011,65,0.693,0.705,8,-5.747,1,0.0665,0.0228,0.0,0.202,0.45,131.951,pop
Labrinth,Earthquake (feat. Tinie Tempah),274600,True,2012,62,0.54,0.856,0,-3.966,0,0.1,0.109,0.0,0.276,0.258,153.071,pop
Katy Perry,Last Friday Night (T.G.I.F.),230746,False,2012,74,0.649,0.815,3,-3.796,0,0.0415,0.00125,4.31e-05,0.671,0.765,126.03,pop
Dr. Dre,I Need A Doctor,283733,True,2011,71,0.594,0.946,3,-4.521,1,0.452,0.0869,0.0,0.306,0.397,155.826,hip hop
Kanye West,All Of The Lights,299613,True,2010,76,0.531,0.803,1,-3.284,1,0.0717,0.0796,1.71e-05,0.176,0.221,142.113,hip hop
Avril Lavigne,What the Hell,220706,False,2011,74,0.578,0.926,6,-3.689,0,0.0548,0.00472,0.0127,0.14,0.877,149.976,pop
Professor Green,Read All About It,235735,True,2011,39,0.656,0.752,11,-5.522,0,0.0434,0.336,0.0,0.223,0.445,100.963,Dance/Electronic
Chase & Status,Blind Faith,233666,False,2011,60,0.45,0.846,9,-4.712,0,0.0472,0.00523,0.0,0.228,0.402,140.042,Dance/Electronic
Rizzle Kicks,Down With The Trumpets,186851,False,2011,59,0.753,0.88,4,-4.689,0,0.0806,0.087,0.0,0.24,0.794,115.057,hip hop
Lady Gaga,Born This Way,260253,False,2011,72,0.587,0.828,11,-5.108,1,0.161,0.00327,0.0,0.331,0.494,123.907,pop
Mac Miller,Donald Trump,165908,True,2011,61,0.636,0.901,1,-7.094,0,0.118,0.119,0.0,0.391,0.836,162.994,hip hop
Jason Aldean,Dirt Road Anthem,229413,False,2010,53,0.678,0.739,2,-5.068,1,0.0352,0.32,2.36e-06,0.116,0.658,127.037,country
OneRepublic,Good Life,253306,True,2009,72,0.634,0.69,6,-7.804,1,0.052,0.0771,0.0,0.132,0.645,94.988,pop
Bruno Mars,The Lazy Song,189109,False,2010,75,0.794,0.711,8,-5.124,0,0.0699,0.3,0.0,0.0955,0.955,174.915,pop
Red Hot Chili Peppers,The Adventures of Rain Dance Maggie,282400,False,2011,65,0.683,0.734,4,-4.523,0,0.029,0.00112,0.0139,0.258,0.576,106.254,rock
P!nk,F**kin' Perfect,213413,True,2010,60,0.563,0.671,7,-4.788,1,0.0373,0.0422,0.0,0.36,0.45,91.964,pop
Blake Shelton,Honey Bee,210720,False,2011,50,0.481,0.849,4,-5.131,1,0.0385,0.00167,1.49e-06,0.121,0.723,205.57,country
Lady Gaga,The Edge Of Glory,320546,False,2011,67,0.583,0.768,9,-6.477,1,0.041,0.000323,0.0162,0.109,0.357,127.952,pop
P!nk,Raise Your Glass,202960,True,2010,76,0.7,0.709,7,-5.006,1,0.0838,0.0048,0.0,0.029,0.624,122.019,pop
Christina Perri,Jar of Hearts,246587,False,2011,72,0.349,0.348,3,-6.142,1,0.0316,0.726,0.0,0.12,0.0886,74.541,pop
Bruno Mars,Marry You,230192,False,2010,75,0.621,0.82,10,-4.865,1,0.0367,0.332,0.0,0.104,0.452,144.905,pop
The Band Perry,If I Die Young,222773,False,2010,64,0.606,0.497,4,-6.611,1,0.0277,0.348,0.0,0.275,0.362,130.739,country
Charlene Soraia,Wherever You Will Go,197577,False,2011,60,0.597,0.115,9,-9.217,1,0.0334,0.82,0.000215,0.111,0.128,111.202,pop
Christina Perri,A Thousand Years,285120,False,2011,70,0.421,0.407,10,-7.445,1,0.0267,0.309,0.000961,0.11,0.161,139.028,pop
JAY-Z,Ni**as In Paris,219333,True,2011,82,0.789,0.858,1,-5.542,1,0.311,0.127,0.0,0.349,0.775,140.022,hip hop
Maroon 5,One More Night,219546,False,2012,74,0.716,0.821,5,-3.435,0,0.0314,0.0558,0.0,0.0844,0.618,92.997,pop
Kendrick Lamar,Swimming Pools (Drank) - Extended Version,313786,True,2012,63,0.716,0.485,1,-7.745,1,0.404,0.123,2.69e-05,0.604,0.26,74.132,hip hop
Kanye West,Mercy,329320,True,2012,73,0.563,0.496,6,-9.381,0,0.406,0.0685,5.8e-05,0.173,0.426,139.993,hip hop
PSY,Gangnam Style (강남스타일),219493,False,2012,72,0.727,0.937,11,-2.871,0,0.286,0.00417,0.0,0.091,0.749,132.067,pop
Bruno Mars,Locked out of Heaven,233478,False,2012,85,0.726,0.698,5,-4.165,1,0.0431,0.049,0.0,0.309,0.867,143.994,pop
Katy Perry,Part Of Me,216160,False,2012,73,0.678,0.918,5,-4.63,1,0.0355,0.000417,0.0,0.0744,0.769,130.028,pop
Kendrick Lamar,m.A.A.d city,350120,True,2012,67,0.487,0.729,2,-6.815,1,0.271,0.0538,4.07e-06,0.44,0.217,91.048,hip hop
Asaf Avidan & the Mojos,One Day / Reckoning Song (Wankelmut Remix) [Radio Edit],212360,False,2012,0,0.821,0.676,3,-6.366,0,0.0547,0.187,0.0001,0.0927,0.559,119.012,pop
Maroon 5,Payphone,231173,True,2012,82,0.743,0.752,4,-4.813,1,0.0414,0.0188,0.0,0.287,0.545,110.015,pop
James Arthur,Impossible,209440,False,2013,75,0.376,0.695,0,-4.782,0,0.0933,0.135,0.0,0.11,0.302,169.533,pop
Justin Bieber,Boyfriend,171333,False,2012,63,0.717,0.55,10,-6.019,0,0.0519,0.0358,0.00198,0.126,0.331,96.979,pop
Taylor Swift,I Knew You Were Trouble.,219720,False,2012,59,0.622,0.469,3,-6.798,0,0.0363,0.00454,2.25e-06,0.0335,0.679,77.019,pop
P!nk,Try,247906,False,2012,76,0.674,0.628,2,-7.079,1,0.03,0.00144,0.0,0.0944,0.552,103.998,pop
Justin Bieber,As Long As You Love Me,229466,False,2012,67,0.571,0.873,0,-3.382,0,0.1,0.0811,0.0,0.361,0.613,139.691,pop
Alex Clare,Too Close,256613,False,2011,60,0.588,0.694,11,-4.278,0,0.0387,0.00948,0.0,0.113,0.271,126.027,rock
Guy Sebastian,Battle Scars (feat. Lupe Fiasco),250080,False,2012,0,0.61,0.863,5,-2.632,0,0.206,0.186,0.0,0.097,0.508,83.993,pop
Katy Perry,The One That Got Away,227333,False,2012,72,0.687,0.792,1,-4.023,0,0.0353,0.000802,0.0,0.2,0.864,133.962,pop
One Direction,What Makes You Beautiful,199986,False,2012,82,0.726,0.787,4,-2.494,1,0.0737,0.009,0.0,0.0596,0.888,124.99,pop
Lana Del Rey,Born To Die,286253,False,2012,53,0.18,0.636,4,-6.591,0,0.0439,0.209,0.000133,0.217,0.39,75.223,pop
Train,Drive By,195973,False,2012,77,0.765,0.837,1,-3.113,0,0.032,0.00107,1.06e-05,0.0801,0.721,122.028,pop
One Direction,Live While We're Young,200186,False,2012,0,0.658,0.837,2,-2.063,1,0.0543,0.0629,0.0,0.0969,0.936,126.015,pop
alt-J,Breezeblocks,227080,False,2012,71,0.616,0.656,5,-7.298,1,0.0344,0.096,0.000879,0.205,0.286,150.071,rock
Katy Perry,Wide Awake,220946,False,2012,65,0.514,0.683,5,-5.099,1,0.0367,0.0749,2.64e-06,0.392,0.575,159.814,pop
Lana Del Rey,Ride,289080,True,2012,66,0.373,0.686,0,-5.52,1,0.034,0.128,1.96e-06,0.383,0.189,93.763,pop
Demi Lovato,Give Your Heart a Break,205346,False,2011,71,0.651,0.695,6,-3.218,1,0.0487,0.23,0.0,0.144,0.569,123.008,pop
Little Mix,Wings,219733,False,2012,0,0.738,0.875,7,-3.141,1,0.127,0.000673,0.000556,0.285,0.538,114.962,pop
Bruno Mars,It Will Rain,257720,False,2011,74,0.576,0.835,2,-6.826,1,0.0486,0.337,0.0,0.082,0.476,150.017,pop
Imagine Dragons,Radioactive,186813,False,2012,77,0.448,0.784,9,-3.686,1,0.0627,0.106,0.000108,0.668,0.236,136.245,rock
Bruno Mars,Locked out of Heaven,233478,False,2012,85,0.726,0.698,5,-4.165,1,0.0431,0.049,0.0,0.309,0.867,143.994,pop
Stromae,Papaoutai,232146,False,2013,0,0.733,0.818,10,-7.222,0,0.0859,0.0241,0.0,0.0636,0.253,116.019,pop
Naughty Boy,La La La,220779,False,2013,58,0.754,0.677,6,-4.399,0,0.0316,0.112,0.0,0.111,0.254,124.988,Dance/Electronic
Tom Odell,Another Love,244360,True,2013,88,0.445,0.537,4,-8.532,0,0.04,0.695,1.65e-05,0.0944,0.131,122.769,pop
Britney Spears,Work B**ch,247853,True,2013,0,0.63,0.816,9,-6.535,1,0.15,0.124,0.00111,0.0616,0.85,128.012,pop
Capital Cities,Safe And Sound,192693,False,2013,0,0.652,0.783,0,-4.829,1,0.0309,0.000189,0.0173,0.0889,0.836,117.952,pop
Demi Lovato,Heart Attack,210840,False,2013,79,0.504,0.785,8,-4.802,1,0.104,0.0738,0.0,0.239,0.502,173.968,pop
Arctic Monkeys,Why'd You Only Call Me When You're High?,161123,False,2013,84,0.691,0.631,2,-6.478,1,0.0368,0.0483,1.13e-05,0.104,0.8,92.004,rock
Justin Bieber,Beauty And A Beat,227986,False,2012,73,0.602,0.843,0,-4.831,1,0.0593,0.000688,5.27e-05,0.0682,0.526,128.003,pop
Eminem,The Monster,250188,True,2013,75,0.781,0.853,1,-3.68,0,0.0715,0.0525,0.0,0.12,0.624,110.049,hip hop
Selena Gomez,Come & Get It,231986,False,2013,69,0.546,0.787,7,-4.1,0,0.0517,0.0101,0.00021,0.0809,0.573,79.979,pop
P!nk,True Love (feat. Lily Allen),230733,True,2012,71,0.457,0.823,9,-4.76,1,0.311,0.00144,0.0,0.108,0.578,192.205,pop
Kanye West,Black Skinhead,188013,True,2013,0,0.578,0.825,1,-6.107,1,0.322,0.000986,0.0,0.176,0.283,130.089,hip hop
Lana Del Rey,Summertime Sadness (Lana Del Rey Vs. Cedric Gervais) - Cedric Gervais Remix,214912,False,2013,72,0.572,0.81,1,-5.791,0,0.0558,0.0157,6.53e-06,0.13,0.11,126.052,pop
Eminem,Berzerk,238746,True,2013,66,0.739,0.872,11,-4.059,0,0.333,0.0217,0.0,0.26,0.684,95.084,hip hop
Fall Out Boy,My Songs Know What You Did In The Dark (Light Em Up),186826,False,2013,71,0.558,0.924,9,-4.341,0,0.064,0.0271,3.32e-06,0.537,0.567,151.99,rock
Imagine Dragons,Demons,177506,False,2012,81,0.505,0.71,3,-3.015,1,0.0321,0.19,0.00025,0.269,0.428,89.938,rock
One Direction,One Way or Another (Teenage Kicks),157293,False,2013,66,0.489,0.867,4,-3.121,0,0.071,0.025,0.0,0.586,0.409,162.131,pop
Taylor Swift,I Knew You Were Trouble.,219720,False,2012,76,0.622,0.469,3,-6.798,0,0.0363,0.00454,2.25e-06,0.0335,0.679,77.019,pop
Arctic Monkeys,Do I Wanna Know?,272394,False,2013,84,0.548,0.532,5,-7.596,1,0.0323,0.186,0.000263,0.217,0.405,85.03,rock
A$AP Rocky,"F**kin' Problems (feat. Drake, 2 Chainz & Kendrick Lamar)",233786,True,2013,76,0.853,0.693,1,-6.87,1,0.275,0.0239,0.0,0.11,0.662,95.967,hip hop
P!nk,Try,247906,False,2012,76,0.674,0.628,2,-7.079,1,0.03,0.00144,0.0,0.0944,0.552,103.998,pop
Ylvis,The Fox (What Does the Fox Say?),213708,False,2013,63,0.703,0.867,6,-4.292,1,0.0453,0.107,0.0,0.119,0.546,128.008,hip hop
Baauer,Harlem Shake,196664,False,2013,57,0.452,0.794,0,-5.151,1,0.0483,0.0111,0.00182,0.416,0.282,137.825,Dance/Electronic
Katy Perry,This Is How We Do,204285,False,2013,60,0.69,0.636,9,-6.028,0,0.0457,0.0203,0.0,0.147,0.8,96.0,pop
Storm Queen,Look Right Through - MK Vocal Edit,150400,False,2014,0,0.832,0.815,0,-8.035,0,0.081,0.00304,0.00553,0.263,0.519,119.995,Dance/Electronic
Katy Perry,Unconditionally,228878,False,2013,0,0.555,0.729,7,-4.813,1,0.0387,0.00357,0.0,0.209,0.369,129.003,pop
Birdy,Wings,252106,False,2013,48,0.474,0.707,7,-4.534,1,0.0253,0.0831,0.0,0.162,0.224,83.235,pop
Katy Perry,Roar,223546,False,2013,73,0.554,0.772,7,-4.821,0,0.0418,0.00487,6.6e-06,0.354,0.455,179.984,pop
Blake Shelton,Sure Be Cool If You Did,215720,False,2013,56,0.576,0.726,11,-4.625,1,0.035,0.255,0.0,0.108,0.582,136.802,country
JAY-Z,Holy Grail,338413,True,2013,62,0.676,0.534,2,-6.901,0,0.0831,0.0594,8.59e-06,0.256,0.156,145.082,hip hop
Bridgit Mendler,Ready or Not,200946,False,2012,72,0.715,0.872,2,-3.835,1,0.0509,0.00351,3.84e-05,0.107,0.748,93.043,pop
One Direction,Best Song Ever,200106,False,2013,76,0.652,0.877,1,-2.986,1,0.0465,0.0227,0.0,0.0789,0.486,118.491,pop
Miley Cyrus,Wrecking Ball,221360,False,2013,77,0.53,0.422,5,-6.262,1,0.0342,0.407,0.0,0.107,0.349,119.964,pop
Justin Timberlake,Mirrors,484146,False,2013,78,0.574,0.512,5,-6.664,0,0.0503,0.234,0.0,0.0946,0.512,76.899,pop
Bruno Mars,Treasure,178560,True,2012,78,0.874,0.692,5,-5.28,0,0.0431,0.0412,7.24e-05,0.324,0.937,116.017,pop
Miley Cyrus,We Can't Stop,231240,False,2013,78,0.613,0.622,1,-5.794,0,0.0334,0.00882,0.0,0.37,0.484,80.003,pop
J. Cole,Power Trip (feat. Miguel),241160,True,2013,0,0.667,0.61,1,-7.054,1,0.217,0.322,0.000203,0.426,0.465,99.991,hip hop
Christina Perri,human,250706,False,2013,59,0.439,0.489,8,-6.286,1,0.0368,0.132,0.000643,0.114,0.253,143.808,pop
James Blunt,Bonfire Heart,238000,False,2013,0,0.575,0.821,0,-5.7,1,0.0527,0.181,0.0,0.124,0.449,118.021,pop
Maroon 5,Daylight,225066,False,2012,66,0.656,0.674,7,-5.473,1,0.0269,0.00242,0.0,0.255,0.369,120.001,pop
Childish Gambino,3005,235662,True,2013,0,0.681,0.463,6,-6.542,0,0.289,0.128,0.0,0.0769,0.661,82.92,hip hop
Avril Lavigne,Here's to Never Growing Up,214080,True,2013,0,0.483,0.871,0,-3.084,1,0.101,0.015,0.0,0.415,0.716,164.986,pop
Taylor Swift,22,232120,False,2012,68,0.661,0.729,7,-6.561,1,0.0376,0.00215,0.0013,0.0477,0.668,103.987,pop
Passenger,Let Her Go,252866,False,2012,73,0.509,0.538,7,-7.335,1,0.0572,0.385,0.0,0.104,0.244,75.089,pop
Ariana Grande,The Way,227026,False,2013,65,0.645,0.878,5,-3.208,0,0.113,0.294,0.0,0.076,0.862,82.324,pop
Justin Timberlake,Suit & Tie (feat. Jay-Z),326280,True,2013,67,0.795,0.596,11,-3.799,0,0.219,0.103,0.0,0.164,0.357,101.985,pop
Bruno Mars,When I Was Your Man,213826,False,2012,83,0.612,0.28,0,-8.648,1,0.0434,0.932,0.0,0.088,0.387,72.795,pop
Florida Georgia Line,Cruise,208960,False,2012,57,0.457,0.948,10,-3.364,1,0.0354,0.0191,0.0,0.0536,0.878,148.0,country
Katy Perry,Dark Horse,215672,False,2013,74,0.647,0.585,6,-6.123,1,0.0512,0.00314,0.0,0.165,0.353,131.934,pop
Maroon 5,Animals,231013,False,2014,79,0.279,0.742,4,-6.46,0,0.0898,0.000185,0.0,0.593,0.328,189.868,pop
Sam Smith,Stay With Me,172723,False,2014,80,0.418,0.42,0,-6.444,1,0.0414,0.588,6.39e-05,0.11,0.184,84.094,pop
Sia,Chandelier,216120,False,2014,78,0.399,0.787,1,-2.88,1,0.0499,0.0197,6.07e-05,0.0685,0.572,117.089,pop
ZHU,Faded,223386,False,2014,49,0.861,0.475,9,-7.195,0,0.0487,0.00865,0.119,0.122,0.599,124.96,Dance/Electronic
Meghan Trainor,All About That Bass,187920,True,2015,72,0.807,0.887,9,-3.726,1,0.0503,0.0573,2.87e-06,0.124,0.961,134.052,pop
Maroon 5,Maps,189840,False,2014,0,0.737,0.723,1,-5.51,0,0.0295,0.0179,0.0,0.0675,0.893,120.003,pop
Taylor Swift,Bad Blood,211933,False,2014,54,0.646,0.794,7,-6.104,1,0.19,0.0885,6.16e-06,0.201,0.287,170.216,pop
OneRepublic,Counting Stars,257386,False,2014,62,0.663,0.705,1,-4.972,0,0.0385,0.0654,0.0,0.117,0.477,122.014,pop
Rixton,Me And My Broken Heart,193733,False,2014,77,0.545,0.783,5,-4.261,0,0.0345,0.00489,0.0,0.132,0.551,174.084,pop
Ariana Grande,Break Free,214840,False,2014,0,0.687,0.702,7,-5.324,0,0.0455,0.0064,4.35e-05,0.204,0.284,129.956,pop
OneRepublic,Love Runs Out,224226,False,2014,59,0.719,0.935,7,-3.752,1,0.0589,0.167,0.0,0.0973,0.738,120.022,pop
Peking Duk,High (feat. Nicole Millar),228000,False,2014,48,0.525,0.803,0,-4.052,0,0.0492,0.00129,0.000868,0.29,0.383,100.094,Dance/Electronic
Ed Sheeran,Don't,219840,False,2014,72,0.806,0.608,1,-7.008,1,0.0659,0.0113,0.0,0.635,0.849,95.049,pop
Ariana Grande,Love Me Harder,236133,False,2014,74,0.472,0.714,1,-4.389,0,0.0334,0.00937,0.0,0.0764,0.24,98.992,pop
Taylor Swift,Style,231000,False,2014,61,0.588,0.791,7,-5.595,1,0.0402,0.00245,0.00258,0.118,0.487,94.933,pop
Ariana Grande,Problem,193920,False,2014,73,0.66,0.805,1,-5.352,0,0.153,0.0192,8.83e-06,0.159,0.625,103.008,pop
One Direction,Steal My Girl,228133,False,2014,79,0.536,0.768,10,-5.948,0,0.0347,0.00433,0.0,0.114,0.545,77.217,pop
Selena Gomez,The Heart Wants What It Wants,227360,False,2014,58,0.616,0.789,7,-4.874,0,0.0377,0.053,0.0,0.142,0.621,83.066,pop
5 Seconds of Summer,She Looks So Perfect,202496,False,2014,74,0.494,0.951,9,-4.237,1,0.132,0.000569,0.0,0.327,0.441,160.025,pop
Taylor Swift,Shake It Off,219200,False,2014,79,0.647,0.8,7,-5.384,1,0.165,0.0647,0.0,0.334,0.942,160.078,pop
One Direction,Night Changes,226600,False,2014,83,0.672,0.52,8,-7.747,1,0.0353,0.859,0.0,0.115,0.37,120.001,pop
Ed Sheeran,Sing,235382,False,2014,69,0.818,0.67,8,-4.451,0,0.0472,0.304,1.22e-06,0.0601,0.939,119.988,pop
G.R.L.,Ugly Heart,198306,False,2014,64,0.65,0.786,9,-5.488,1,0.0463,0.019,0.0,0.323,0.446,124.96,pop
Sia,Elastic Heart,257200,False,2014,70,0.421,0.791,9,-4.998,1,0.0496,0.0117,1.48e-05,0.146,0.499,130.075,pop
One Direction,Story of My Life,245493,False,2013,81,0.6,0.663,3,-5.802,1,0.0477,0.225,0.0,0.119,0.286,121.07,pop
Alex & Sierra,Little Do You Know,185200,False,2014,75,0.5,0.292,0,-8.554,1,0.0323,0.746,0.0,0.188,0.37,145.879,pop
Echosmith,Cool Kids,237626,False,2013,71,0.719,0.671,8,-6.279,1,0.0336,0.0372,8.21e-06,0.12,0.786,130.027,pop
Maroon 5,Sugar,235493,True,2014,0,0.744,0.783,1,-7.077,1,0.0337,0.0553,0.0,0.086,0.885,120.042,pop
Ed Sheeran,"I See Fire - From ""The Hobbit - The Desolation Of Smaug""",300840,False,2013,71,0.581,0.0549,10,-20.514,0,0.0397,0.559,0.0,0.0718,0.234,152.037,pop
Sam Smith,Money On My Mind,192670,False,2014,62,0.688,0.841,2,-5.217,1,0.179,0.204,0.000295,0.229,0.743,133.912,pop
Nick Jonas,Jealous - Remix,222213,True,2014,0,0.685,0.709,11,-3.578,0,0.0748,0.0132,0.0,0.452,0.504,93.047,pop
Mark Ronson,Uptown Funk (feat. Bruno Mars),269666,True,2015,82,0.856,0.609,0,-7.223,1,0.0824,0.00801,8.15e-05,0.0344,0.928,114.988,pop
Ed Sheeran,Thinking out Loud,281560,False,2014,81,0.781,0.445,2,-6.061,1,0.0295,0.474,0.0,0.184,0.591,78.998,pop
Justin Bieber,What Do You Mean?,205680,False,2015,77,0.845,0.567,5,-8.118,0,0.0956,0.59,0.00142,0.0811,0.793,125.02,pop
Demi Lovato,Cool for the Summer,214746,True,2015,0,0.586,0.613,5,-5.593,0,0.0386,0.00441,0.000183,0.0853,0.319,114.101,pop
Taylor Swift,Blank Space,231826,False,2014,82,0.76,0.703,5,-5.412,1,0.054,0.103,0.0,0.0913,0.57,95.997,pop
Adam Lambert,Ghost Town,208330,True,2015,46,0.703,0.736,4,-5.709,0,0.046,0.186,1.92e-05,0.174,0.274,119.955,pop
Taylor Swift,Bad Blood,200106,False,2015,70,0.654,0.655,11,-7.388,0,0.106,0.0294,0.0,0.139,0.221,170.16,pop
Fall Out Boy,Centuries,228360,False,2015,80,0.393,0.858,4,-2.868,0,0.0729,0.00359,0.0,0.102,0.56,176.042,rock
Rob $tone,Chill Bill (feat. J. Davi$ & Spooks),177184,True,2016,76,0.886,0.427,6,-10.028,1,0.145,0.0312,0.00099,0.0906,0.23,108.034,hip hop
Twenty One Pilots,Stressed Out,202333,False,2015,83,0.734,0.637,4,-5.677,0,0.141,0.0462,2.29e-05,0.0602,0.648,169.977,rock
Fifth Harmony,Worth It (feat. Kid Ink),224573,False,2015,73,0.884,0.765,8,-3.865,1,0.0882,0.063,7.04e-06,0.118,0.594,99.987,pop
Sam Smith,Like I Can,167065,False,2014,79,0.656,0.627,7,-6.627,0,0.0379,0.343,2.17e-05,0.124,0.481,99.933,pop
Taylor Swift,Wildest Dreams,220440,False,2014,78,0.553,0.664,8,-7.417,1,0.0741,0.0709,0.0056,0.106,0.467,140.06,pop
One Direction,Drag Me Down,192120,False,2015,79,0.73,0.703,0,-5.672,0,0.0369,0.109,0.0,0.0657,0.595,138.113,pop
Demi Lovato,Confident,205745,True,2015,64,0.594,0.749,3,-6.251,1,0.0677,0.00188,0.000139,0.0869,0.344,130.064,pop
Lemaitre,Closer,270589,False,2017,59,0.583,0.785,2,-3.991,0,0.0337,0.0012,0.0127,0.124,0.355,91.977,pop
Selena Gomez,Same Old Love,229080,False,2015,69,0.672,0.593,11,-4.01,0,0.0304,0.0223,0.0,0.214,0.438,98.02,pop
Silentó,Watch Me (Whip / Nae Nae),185131,False,2015,0,0.819,0.768,8,-8.522,1,0.134,0.234,0.0,0.334,0.964,139.982,hip hop
Lana Del Rey,High By The Beach,257573,True,2015,67,0.536,0.486,11,-11.067,0,0.0346,0.244,0.00788,0.12,0.0968,131.988,pop
Selena Gomez,Kill Em With Kindness,217906,False,2015,64,0.757,0.884,10,-5.488,0,0.0404,0.00795,5.87e-05,0.0973,0.398,120.012,pop
Birdy,Let It All Go,280757,False,2015,68,0.383,0.43,10,-8.644,1,0.0302,0.817,1.04e-06,0.0869,0.174,107.005,pop
Ariana Grande,Love Me Harder,236133,False,2014,74,0.472,0.714,1,-4.389,0,0.0334,0.00937,0.0,0.0764,0.24,98.992,pop
R. City,Locked Away (feat. Adam Levine),227480,False,2015,77,0.509,0.671,1,-5.709,1,0.0678,0.304,0.0,0.0452,0.55,118.413,pop
Tame Impala,The Less I Know The Better,216320,True,2015,83,0.64,0.74,4,-4.083,1,0.0284,0.0115,0.00678,0.167,0.785,116.879,metal
Selena Gomez,Good For You,221560,True,2015,0,0.6,0.676,5,-6.447,0,0.0652,0.154,0.0,0.0741,0.217,88.928,pop
Taylor Swift,Style,231000,False,2014,77,0.588,0.791,7,-5.595,1,0.0402,0.00245,0.00258,0.118,0.487,94.933,pop
Sam Smith,"Writing's On The Wall - From ""Spectre"" Soundtrack",278987,False,2015,66,0.261,0.302,5,-8.19,0,0.0339,0.769,2.57e-06,0.0863,0.0883,81.418,pop
Petit Biscuit,Sunset Lover,237792,False,2015,71,0.783,0.467,6,-9.474,1,0.0503,0.729,0.809,0.109,0.236,90.838,Dance/Electronic
Shawn Mendes,Stitches,206880,False,2015,78,0.746,0.754,1,-6.684,1,0.0676,0.0152,0.0,0.0486,0.746,149.882,pop
Selena Gomez,The Heart Wants What It Wants,227373,False,2014,64,0.616,0.789,7,-4.874,0,0.0377,0.053,0.0,0.142,0.621,83.066,pop
Joel Adams,Please Don't Go,210580,False,2015,71,0.513,0.768,4,-4.868,0,0.0587,0.0118,1.94e-05,0.294,0.235,84.264,R&B
Justin Bieber,Sorry,200786,False,2015,80,0.654,0.76,0,-3.669,0,0.045,0.0797,0.0,0.299,0.41,99.945,pop
Ariana Grande,One Last Time,197266,False,2014,79,0.628,0.593,8,-5.036,1,0.0323,0.093,1.65e-06,0.096,0.104,125.026,pop
Little Mix,Black Magic,211773,False,2015,1,0.777,0.896,4,-4.467,1,0.0619,0.0352,0.0,0.317,0.843,111.987,pop
One Direction,Perfect,230333,False,2015,77,0.647,0.823,2,-5.231,1,0.0762,0.0598,0.0,0.119,0.396,99.933,pop
Meghan Trainor,Lips Are Movin,182666,False,2015,70,0.775,0.825,7,-5.402,1,0.0464,0.0506,1.03e-06,0.111,0.95,139.091,pop
Nicky Jam,El Perdón - Forgiveness,206666,False,2017,51,0.736,0.719,8,-3.839,1,0.0357,0.256,0.0,0.0909,0.656,90.013,latin
Justin Bieber,Love Yourself,233720,False,2015,0,0.609,0.378,4,-9.828,1,0.438,0.835,0.0,0.28,0.515,100.418,pop
Burak Yeter,Tuesday (feat. Danelle Sandoval),241874,False,2016,72,0.841,0.639,9,-6.052,0,0.0688,0.0156,0.0654,0.0545,0.675,99.002,Dance/Electronic
Sia,Cheap Thrills (feat. Sean Paul),224813,False,2016,67,0.592,0.8,6,-4.931,0,0.215,0.0561,2.01e-06,0.0775,0.728,89.972,pop
OneRepublic,Wherever I Go,169773,False,2016,70,0.552,0.689,10,-6.444,0,0.0425,0.0915,0.0,0.27,0.349,99.961,pop
Justin Bieber,Sorry,200786,False,2015,80,0.654,0.76,0,-3.669,0,0.045,0.0797,0.0,0.299,0.41,99.945,pop
Justin Timberlake,"CAN'T STOP THE FEELING! (from DreamWorks Animation's ""TROLLS"")",236001,False,2016,76,0.666,0.83,0,-5.715,1,0.0751,0.0123,0.0,0.191,0.702,113.03,pop
Twenty One Pilots,Heathens,195920,False,2016,80,0.732,0.396,4,-9.348,0,0.0286,0.0841,3.58e-05,0.105,0.548,90.024,rock
Meghan Trainor,NO,213506,False,2017,69,0.557,0.803,1,-3.599,0,0.213,0.0124,1.61e-06,0.737,0.657,92.134,pop
Dua Lipa,Hotter Than Hell,187957,False,2017,65,0.532,0.868,3,-4.23,0,0.0908,0.011,0.0,0.0584,0.529,110.127,pop
Alan Walker,Faded,212106,False,2018,78,0.468,0.627,6,-5.085,1,0.0476,0.0281,7.97e-06,0.11,0.159,179.642,Dance/Electronic
Ariana Grande,Side To Side,226160,True,2016,0,0.648,0.738,6,-5.883,0,0.247,0.0408,0.0,0.292,0.603,159.145,pop
Shawn Mendes,I Know What You Did Last Summer,223853,False,2015,73,0.687,0.761,9,-4.582,0,0.0876,0.102,0.0,0.147,0.743,113.939,pop
Selena Gomez,Same Old Love,229080,False,2015,69,0.672,0.593,11,-4.01,0,0.0304,0.0223,0.0,0.214,0.438,98.02,pop
Twenty One Pilots,Ride,214506,False,2015,80,0.645,0.713,6,-5.355,1,0.0393,0.00835,0.0,0.113,0.566,74.989,rock
Ariana Grande,Dangerous Woman,235946,False,2016,0,0.677,0.604,7,-5.32,1,0.0385,0.0612,0.0,0.353,0.297,134.052,pop
Charlie Puth,We Don't Talk Anymore (feat. Selena Gomez),217706,False,2016,79,0.728,0.563,1,-8.053,0,0.134,0.621,0.0,0.179,0.352,100.017,pop
MNEK,Never Forget You,213427,False,2015,45,0.583,0.732,11,-5.728,0,0.0457,0.00312,9.86e-06,0.269,0.276,145.992,Dance/Electronic
Ariana Grande,Into You,244453,False,2016,3,0.623,0.734,9,-5.948,1,0.107,0.0162,1.75e-06,0.145,0.37,107.853,pop
Shawn Mendes,Treat You Better,187973,False,2017,82,0.444,0.819,10,-4.078,0,0.341,0.106,0.0,0.107,0.747,82.695,pop
DNCE,Cake By The Ocean,219146,True,2016,79,0.774,0.753,4,-5.446,0,0.0517,0.152,0.0,0.0371,0.896,119.002,pop
99 Souls,The Girl Is Mine,216613,False,2016,55,0.683,0.943,9,-3.6,1,0.0397,0.00423,0.0972,0.0356,0.706,118.991,Dance/Electronic
Fifth Harmony,Work from Home (feat. Ty Dolla $ign),214480,False,2016,75,0.803,0.585,8,-5.861,1,0.0432,0.103,3.94e-06,0.0644,0.593,105.017,pop
Charlie Puth,Dangerously,199133,False,2016,62,0.696,0.517,2,-8.379,0,0.0366,0.364,0.0,0.197,0.23,112.291,pop
Nick Jonas,Close,234213,False,2016,69,0.654,0.623,6,-5.273,0,0.082,0.253,0.0,0.144,0.401,123.996,pop
P!nk,"Just Like Fire (From the Original Motion Picture ""Alice Through The Looking Glass"")",215413,False,2016,68,0.632,0.702,7,-5.92,1,0.148,0.0114,0.0,0.108,0.523,162.958,pop
Flume,Never Be Like You,233337,True,2016,0,0.443,0.558,0,-5.436,1,0.0624,0.441,0.0,0.163,0.248,116.838,Dance/Electronic
Sia,The Greatest (feat. Kendrick Lamar),210226,False,2016,68,0.668,0.725,1,-6.127,1,0.266,0.0102,0.000479,0.0561,0.729,191.944,pop
Fifth Harmony,All In My Head (Flex) (feat. Fetty Wap),210573,False,2016,62,0.689,0.791,0,-5.194,0,0.053,0.023,0.0,0.0526,0.755,95.04,pop
Kent Jones,Don't Mind,198236,True,2016,63,0.464,0.771,8,-4.503,1,0.336,0.0235,0.0,0.063,0.69,158.777,hip hop
Flume,Say It,262521,True,2016,53,0.581,0.531,3,-6.829,0,0.0322,0.0731,3.27e-06,0.0616,0.273,75.255,Dance/Electronic
Little Mix,Shout Out to My Ex,246240,False,2017,1,0.773,0.747,5,-4.061,1,0.0889,0.0239,8.23e-06,0.11,0.8,126.014,pop
Ed Sheeran,Shape of You,233712,False,2017,84,0.825,0.652,1,-3.183,0,0.0802,0.581,0.0,0.0931,0.931,95.977,pop
Sam Smith,Too Good At Goodbyes,201000,False,2017,79,0.681,0.372,5,-8.237,1,0.0432,0.64,0.0,0.169,0.476,91.873,pop
Camila Cabello,Havana (feat. Young Thug),216896,False,2017,1,0.768,0.517,7,-4.323,0,0.0312,0.186,3.8e-05,0.104,0.418,104.992,pop
Imagine Dragons,Thunder,187146,False,2017,1,0.6,0.81,0,-4.749,1,0.0479,0.00683,0.21,0.155,0.298,167.88,rock
Maroon 5,Don't Wanna Know (feat. Kendrick Lamar),214265,False,2018,68,0.783,0.61,7,-6.124,1,0.0696,0.343,0.0,0.0983,0.418,100.047,pop
Ed Sheeran,Perfect,263400,False,2017,85,0.599,0.448,8,-6.312,1,0.0232,0.163,0.0,0.106,0.168,95.05,pop
MGMT,Little Dark Age,299960,False,2018,81,0.705,0.712,6,-6.156,1,0.0385,0.0102,0.000855,0.1,0.62,97.512,rock
Maroon 5,Cold (feat. Future),234308,True,2017,0,0.697,0.716,9,-6.288,0,0.113,0.118,0.0,0.0424,0.506,99.905,pop
Lil Peep,Save That Shit,231546,True,2017,77,0.534,0.583,2,-8.672,1,0.0288,0.0262,0.0,0.421,0.145,105.997,hip hop
21 Savage,Bank Account,220306,True,2017,74,0.884,0.347,8,-8.227,0,0.35,0.015,7e-06,0.0871,0.376,75.016,hip hop
J Balvin,Mi Gente,189029,False,2017,53,0.548,0.701,11,-4.862,0,0.0914,0.0178,1.34e-05,0.134,0.309,104.237,latin
Lil Uzi Vert,XO Tour Llif3,182706,True,2017,81,0.732,0.75,11,-6.366,0,0.231,0.00264,0.0,0.109,0.401,155.096,hip hop
Imagine Dragons,Whatever It Takes,201240,False,2017,80,0.672,0.655,10,-5.021,0,0.0311,0.0362,0.0,0.117,0.556,134.945,rock
Rob $tone,Chill Bill (feat. J. Davi$ & Spooks),177184,True,2016,76,0.886,0.427,6,-10.028,1,0.145,0.0312,0.00099,0.0906,0.23,108.034,hip hop
Playboi Carti,Magnolia,181812,True,2017,77,0.791,0.582,11,-7.323,0,0.286,0.0114,0.0,0.35,0.443,162.991,hip hop
Imagine Dragons,Believer,204346,False,2017,1,0.779,0.787,10,-4.305,0,0.108,0.0524,0.0,0.14,0.708,124.982,rock
Kendrick Lamar,HUMBLE.,177000,True,2017,0,0.906,0.625,1,-6.779,0,0.0903,0.000243,3.23e-05,0.0975,0.423,150.018,hip hop
Selena Gomez,Fetish (feat. Gucci Mane),186112,False,2017,69,0.708,0.618,2,-4.424,1,0.0592,0.0204,6.81e-06,0.062,0.265,123.013,pop
Charlie Puth,Attention,211475,False,2017,0,0.774,0.626,3,-4.432,0,0.0432,0.0969,3.12e-05,0.0848,0.777,100.041,pop
Rag'n'Bone Man,Human,200186,False,2017,76,0.602,0.707,9,-4.097,1,0.302,0.393,0.0,0.165,0.554,75.087,R&B
Lil Pump,Gucci Gang,124055,True,2017,64,0.936,0.523,5,-6.71,1,0.0597,0.239,0.0,0.117,0.699,119.889,hip hop
Taylor Swift,Look What You Made Me Do,211853,False,2017,76,0.766,0.709,9,-6.471,0,0.123,0.204,1.41e-05,0.126,0.506,128.07,pop
Kodak Black,Tunnel Vision,268186,True,2017,51,0.497,0.489,11,-7.724,0,0.294,0.0576,9.91e-05,0.122,0.231,171.853,hip hop
Kendrick Lamar,DNA.,185946,True,2017,0,0.636,0.517,0,-6.759,1,0.36,0.00402,0.0,0.0874,0.394,139.928,hip hop
A Boogie Wit da Hoodie,Drowning (feat. Kodak Black),209269,True,2017,0,0.839,0.81,5,-5.274,0,0.0568,0.501,0.0,0.117,0.814,129.014,hip hop
XXXTENTACION,Jocelyn Flores,119133,True,2017,83,0.872,0.391,0,-9.144,0,0.242,0.469,4.13e-06,0.297,0.437,134.021,hip hop
Taylor Swift,...Ready For It?,208186,False,2017,73,0.613,0.764,2,-6.509,1,0.136,0.0527,0.0,0.197,0.417,160.015,pop
Shawn Mendes,There's Nothing Holdin' Me Back,199440,False,2017,0,0.857,0.8,2,-4.035,1,0.0583,0.381,0.0,0.0913,0.966,121.996,pop
The Vamps,All Night,197640,False,2017,73,0.538,0.804,8,-5.194,1,0.0358,0.0041,0.0,0.33,0.507,144.992,pop
Dua Lipa,New Rules,212000,False,2017,61,0.763,0.72,9,-5.181,0,0.0691,0.00261,1.11e-05,0.114,0.592,116.01,pop
Rag'n'Bone Man,Skin,239626,False,2017,67,0.564,0.745,0,-7.733,1,0.31,0.265,0.0,0.147,0.351,170.661,R&B
Post Malone,Congratulations,220293,True,2016,81,0.63,0.804,6,-4.183,1,0.0363,0.215,0.0,0.253,0.492,123.146,hip hop
Katy Perry,Chained To The Rhythm,237733,False,2017,69,0.562,0.8,0,-5.404,1,0.112,0.0814,0.0,0.199,0.471,95.029,pop
OneRepublic,Rich Love (with Seeb),201256,False,2017,64,0.401,0.872,1,-3.641,0,0.314,0.167,0.0,0.362,0.472,104.592,pop
Liam Payne,Strip That Down,204502,False,2017,1,0.869,0.485,6,-5.595,1,0.0545,0.246,0.0,0.0765,0.527,106.028,pop
Justin Bieber,Friends (with BloodPop®),189466,False,2017,0,0.744,0.739,8,-5.35,1,0.0387,0.00459,0.0,0.306,0.649,104.99,pop
AJR,Weak,201160,False,2017,0,0.673,0.637,5,-4.518,1,0.0429,0.137,0.0,0.184,0.678,123.98,rock
Lana Del Rey,Lust for Life (with The Weeknd),264011,False,2017,0,0.499,0.676,0,-8.618,0,0.0582,0.588,0.00484,0.358,0.295,99.979,pop
The Vamps,Middle Of The Night,174600,False,2017,61,0.588,0.749,11,-4.323,0,0.058,0.0037,0.0,0.0813,0.397,130.093,pop
Shawn Mendes,Mercy,208733,False,2017,0,0.561,0.674,4,-4.882,0,0.0818,0.118,0.0,0.111,0.383,148.127,pop
Bruno Mars,24K Magic,225983,False,2016,78,0.818,0.803,1,-4.282,1,0.0797,0.034,0.0,0.153,0.632,106.97,pop
Post Malone,rockstar (feat. 21 Savage),218146,True,2018,83,0.585,0.52,5,-6.136,0,0.0712,0.124,7.01e-05,0.131,0.129,159.801,hip hop
Juice WRLD,Lucid Dreams,239835,True,2018,84,0.511,0.566,6,-7.23,0,0.2,0.349,0.0,0.34,0.218,83.903,hip hop
XXXTENTACION,Moonlight,135090,True,2018,82,0.921,0.537,9,-5.723,0,0.0804,0.556,0.00404,0.102,0.711,128.009,hip hop
Ariana Grande,no tears left to cry,205920,False,2018,77,0.699,0.713,9,-5.507,0,0.0594,0.04,3.11e-06,0.294,0.354,121.993,pop
Sheck Wes,Mo Bamba,183906,True,2018,77,0.729,0.625,4,-5.266,1,0.0315,0.194,0.00986,0.248,0.261,146.034,hip hop
Imagine Dragons,Natural,189466,False,2018,80,0.704,0.611,2,-6.112,1,0.0409,0.217,0.0,0.0812,0.22,100.0,rock
6ix9ine,FEFE,179404,True,2018,42,0.931,0.387,1,-9.127,1,0.412,0.088,0.0,0.136,0.376,125.978,hip hop
Nio Garcia,Te Boté - Remix,417920,True,2018,76,0.903,0.675,11,-3.445,0,0.214,0.542,1.28e-05,0.0595,0.442,96.507,latin
Nicky Jam,X,172854,False,2019,74,0.594,0.749,9,-5.298,0,0.056,0.0338,0.00106,0.3,0.694,179.968,latin
XXXTENTACION,SAD!,166605,True,2018,82,0.74,0.613,8,-4.88,1,0.145,0.258,0.00372,0.123,0.473,75.023,hip hop
6ix9ine,GUMMO,157643,True,2018,63,0.66,0.775,2,-4.926,1,0.172,0.0553,0.0,0.129,0.635,157.036,hip hop
Kendrick Lamar,All The Stars (with SZA),232186,True,2018,80,0.698,0.633,8,-4.946,1,0.0597,0.0605,0.000194,0.0926,0.552,96.924,hip hop
Ariana Grande,God is a woman,197546,True,2018,78,0.602,0.658,1,-5.934,1,0.0558,0.0233,6e-05,0.237,0.268,145.031,pop
Dennis Lloyd,Nevermind,156600,False,2017,74,0.6,0.688,5,-8.339,0,0.201,0.159,1.29e-05,0.409,0.0793,99.977,pop
Selena Gomez,Wolves,197993,False,2017,78,0.724,0.804,11,-4.614,0,0.0448,0.124,0.0,0.204,0.306,124.987,pop
5 Seconds of Summer,Youngblood,203417,False,2018,69,0.596,0.854,7,-5.114,0,0.463,0.0169,0.0,0.124,0.152,120.274,pop
Liam Payne,For You (Fifty Shades Freed) (& Rita Ora),245453,False,2018,62,0.541,0.787,2,-4.618,0,0.0331,0.0167,0.0,0.157,0.2,113.0,pop
XXXTENTACION,changes,121886,False,2018,79,0.669,0.308,11,-10.068,1,0.029,0.883,0.0,0.0984,0.52,64.934,hip hop
Maluma,Corazón (feat. Nego do Borel),184720,False,2018,69,0.722,0.738,9,-6.073,0,0.247,0.328,1.47e-05,0.198,0.748,198.075,latin
Lil Baby,Yes Indeed,142273,True,2018,79,0.963,0.346,5,-9.309,0,0.53,0.0355,0.0,0.108,0.562,119.957,hip hop
Ozuna,Vaina Loca,176133,False,2018,72,0.754,0.805,6,-4.249,1,0.0752,0.315,0.0,0.203,0.555,93.982,latin
Charlie Puth,How Long,200853,False,2018,72,0.845,0.561,1,-5.253,0,0.0778,0.211,3.49e-06,0.0383,0.811,109.974,pop
Post Malone,Better Now,231266,True,2018,80,0.68,0.578,10,-5.804,1,0.04,0.331,0.0,0.135,0.341,145.038,hip hop
Eminem,River (feat. Ed Sheeran),221013,True,2017,72,0.748,0.749,8,-5.916,0,0.516,0.142,0.0,0.0713,0.659,90.09,hip hop
Dean Lewis,Be Alright,196373,True,2018,79,0.553,0.586,11,-6.319,1,0.0362,0.697,0.0,0.0813,0.443,126.684,pop
Charlie Puth,Done for Me (feat. Kehlani),180493,False,2018,67,0.856,0.632,6,-3.692,0,0.074,0.193,0.0,0.0688,0.697,112.009,pop
Charlie Puth,The Way I Am,186080,False,2018,64,0.755,0.769,10,-5.658,0,0.186,0.314,2.38e-06,0.0628,0.642,114.966,pop
Banx & Ranx,Answerphone (feat. Yxng Bane),190920,False,2018,56,0.671,0.834,1,-3.928,0,0.0885,0.0387,0.0,0.454,0.454,113.021,Dance/Electronic
Daddy Yankee,Dura,200480,False,2018,71,0.783,0.84,1,-3.416,1,0.051,0.174,0.0,0.412,0.839,95.001,latin
Bruno Mars,Finesse - Remix; feat. Cardi B,217288,False,2017,74,0.704,0.859,5,-4.877,0,0.0996,0.0185,0.0,0.0215,0.926,105.115,pop
Camila Cabello,Never Be the Same,226973,False,2018,74,0.637,0.713,0,-4.333,1,0.0747,0.181,0.000637,0.137,0.243,129.923,pop
Dua Lipa,IDGAF,217946,True,2017,78,0.836,0.544,7,-5.975,1,0.0943,0.0403,0.0,0.0824,0.51,97.028,pop
Maroon 5,Girls Like You (feat. Cardi B) - Cardi B Version,235545,True,2018,73,0.851,0.541,0,-6.825,1,0.0505,0.568,0.0,0.13,0.448,124.959,pop
Kendrick Lamar,LOVE. FEAT. ZACARI.,213400,True,2017,80,0.8,0.585,10,-7.343,1,0.0924,0.264,0.0,0.153,0.779,126.058,hip hop
Post Malone,Psycho (feat. Ty Dolla $ign),221440,True,2018,77,0.75,0.56,8,-8.094,1,0.105,0.546,0.0,0.111,0.459,140.06,hip hop
Shawn Mendes,Señorita,190799,False,2019,78,0.759,0.548,9,-6.049,0,0.029,0.0392,0.0,0.0828,0.749,116.967,pop
Ariana Grande,7 rings,178626,True,2019,83,0.778,0.317,1,-10.732,0,0.334,0.592,0.0,0.0881,0.327,140.048,pop
Post Malone,Sunflower - Spider-Man: Into the Spider-Verse,157560,False,2019,79,0.755,0.522,2,-4.368,1,0.0575,0.533,0.0,0.0685,0.925,89.96,hip hop
Gesaffelstein,Lost in the Fire (feat. The Weeknd),202093,True,2019,84,0.658,0.671,2,-12.21,1,0.0363,0.0933,0.000927,0.115,0.166,100.966,Dance/Electronic
Lady Gaga,Shallow,215733,False,2018,82,0.572,0.385,7,-6.362,1,0.0308,0.371,0.0,0.231,0.323,95.799,pop
Mark Ronson,Nothing Breaks Like a Heart (feat. Miley Cyrus),217466,False,2018,79,0.601,0.794,7,-5.844,0,0.0671,0.00987,1.36e-06,0.388,0.244,114.066,pop
Lewis Capaldi,Someone You Loved,182160,False,2019,84,0.501,0.405,1,-5.679,1,0.0319,0.751,0.0,0.105,0.446,109.891,pop
NLE Choppa,Shotta Flow (feat. Blueface) [Remix],176631,True,2019,0,0.894,0.511,2,-4.768,1,0.42,0.0251,0.0,0.14,0.568,120.08,hip hop
Kodak Black,ZEZE (feat. Travis Scott & Offset),228759,True,2018,77,0.861,0.603,8,-5.788,0,0.176,0.0521,0.0,0.0924,0.504,98.043,hip hop
Daddy Yankee,Con Calma,193226,False,2019,79,0.737,0.86,8,-2.652,0,0.0593,0.11,1.94e-06,0.0574,0.656,93.989,latin
BLACKPINK,Kill This Love,189052,False,2019,1,0.738,0.861,2,-4.141,1,0.237,0.318,0.00182,0.325,0.58,131.98,pop
Ed Sheeran,Antisocial (with Travis Scott),161746,False,2019,63,0.716,0.823,5,-5.313,0,0.0495,0.132,0.0,0.361,0.91,151.957,pop
Lana Del Rey,Doin' Time,202192,True,2019,80,0.641,0.559,7,-11.132,0,0.0355,0.404,0.00402,0.0937,0.523,144.982,pop
A Boogie Wit da Hoodie,Look Back at It,179449,True,2018,73,0.791,0.587,3,-5.075,0,0.0413,0.407,0.0,0.148,0.536,96.057,hip hop
Lil Tecca,Ransom,131240,True,2019,78,0.745,0.642,7,-6.257,0,0.287,0.0204,0.0,0.0658,0.226,179.974,hip hop
Russ Millions,Keisha & Becky - Remix,252906,True,2019,69,0.863,0.471,6,-9.545,1,0.478,0.251,0.0,0.121,0.644,140.969,pop
Post Malone,Wow.,149546,True,2019,79,0.829,0.539,11,-7.359,0,0.208,0.136,1.78e-06,0.103,0.388,99.96,hip hop
Doja Cat,Juicy,202333,True,2019,57,0.786,0.658,0,-2.61,1,0.0661,0.0856,0.0,0.0689,0.458,170.037,pop
A Boogie Wit da Hoodie,Swervin (feat. 6ix9ine),189486,True,2018,75,0.581,0.662,9,-5.239,1,0.303,0.0153,0.0,0.111,0.434,93.023,hip hop
Bad Bunny,MIA (feat. Drake),210367,False,2018,77,0.817,0.539,6,-6.349,0,0.0621,0.0141,0.000496,0.099,0.158,97.062,latin
Polo G,Pop Out (feat. Lil Tjay),166560,True,2019,78,0.772,0.639,1,-7.119,1,0.467,0.15,0.0,0.0698,0.261,168.112,hip hop
Juice WRLD,Robbery,240050,True,2019,53,0.685,0.692,2,-5.122,1,0.0457,0.328,0.0,0.153,0.578,159.966,hip hop
21 Savage,a lot,288624,True,2018,78,0.837,0.636,1,-7.643,1,0.086,0.0395,0.00125,0.342,0.274,145.972,hip hop
Anuel AA,China,301714,False,2019,76,0.786,0.808,7,-3.702,1,0.0882,0.0846,0.000289,0.0822,0.609,105.027,latin
Camila Cabello,Liar,207038,False,2019,65,0.74,0.498,11,-6.684,0,0.0456,0.0169,0.00282,0.319,0.652,98.016,pop
Ariana Grande,"break up with your girlfriend, i'm bored",190440,True,2019,76,0.726,0.554,5,-5.29,0,0.0917,0.0421,0.0,0.106,0.335,169.999,pop
Dave,Location (feat. Burna Boy),241293,True,2019,78,0.812,0.496,9,-5.969,0,0.297,0.271,0.0,0.0955,0.55,109.979,hip hop
Ava Max,Sweet but Psycho,187436,False,2018,7,0.719,0.704,1,-4.724,1,0.0476,0.0691,0.0,0.166,0.628,133.002,pop
Dua Lipa,Don't Start Now,183290,False,2019,79,0.794,0.793,11,-4.521,0,0.0842,0.0125,0.0,0.0952,0.677,123.941,pop
Young T & Bugsey,Strike a Pose (feat. Aitch),214203,True,2019,61,0.531,0.581,1,-5.801,1,0.101,0.0107,1.62e-05,0.101,0.591,137.776,hip hop
Ed Sheeran,Take Me Back to London (feat. Stormzy),189733,True,2019,66,0.885,0.762,8,-5.513,0,0.216,0.219,0.0,0.162,0.605,138.058,pop
Tones And I,Dance Monkey,209438,False,2019,78,0.824,0.588,6,-6.4,0,0.0924,0.692,0.000104,0.149,0.513,98.027,pop
Ariana Grande,boyfriend (with Social House),186106,True,2019,77,0.4,0.795,10,-3.731,0,0.461,0.119,0.0,0.159,0.702,190.097,pop
Bad Bunny,Callaita,250533,True,2019,81,0.61,0.624,2,-4.773,1,0.309,0.6,2.12e-06,0.243,0.244,176.169,latin
Ava Max,So Am I,183026,False,2019,4,0.682,0.656,6,-4.67,1,0.0435,0.0737,0.0,0.353,0.607,130.089,pop
J. Cole,MIDDLE CHILD,213593,True,2019,80,0.837,0.364,8,-11.713,1,0.276,0.149,0.0,0.271,0.463,123.984,hip hop
Blueface,Thotiana,129264,True,2018,1,0.906,0.382,10,-12.89,0,0.269,0.18,0.0,0.113,0.391,104.025,hip hop
DaBaby,Suge,163320,True,2019,72,0.876,0.662,2,-6.482,0,0.426,0.0608,0.0,0.127,0.844,75.445,hip hop
BTS,Boy With Luv (feat. Halsey),229773,False,2019,35,0.645,0.862,11,-4.757,0,0.0965,0.0923,0.0,0.192,0.798,119.991,pop
Jonas Brothers,Only Human,183000,False,2019,71,0.795,0.496,0,-5.883,1,0.0722,0.108,0.0,0.0645,0.874,94.01,pop
5 Seconds of Summer,Easier,157492,False,2019,1,0.505,0.428,5,-5.604,1,0.221,0.489,0.0,0.0977,0.618,175.813,pop
"Tyler, The Creator",EARFQUAKE,190066,True,2019,80,0.554,0.498,9,-8.866,1,0.0685,0.23,5.98e-06,0.795,0.413,79.635,hip hop
Anuel AA,Secreto,258800,False,2019,75,0.807,0.803,11,-4.156,1,0.126,0.602,0.00853,0.136,0.706,91.987,latin
Sech,Otro Trago,225933,True,2019,71,0.746,0.7,0,-4.669,1,0.341,0.136,0.000159,0.11,0.619,176.044,latin
Post Malone,Better Now,231266,True,2018,80,0.68,0.578,10,-5.804,1,0.04,0.331,0.0,0.135,0.341,145.038,hip hop
Ed Sheeran,Cross Me (feat. Chance the Rapper & PnB Rock),206186,True,2019,64,0.746,0.787,4,-6.373,1,0.12,0.214,0.0,0.0669,0.607,95.005,pop
Panic! At The Disco,High Hopes,190946,False,2018,80,0.579,0.904,5,-2.729,1,0.0618,0.193,0.0,0.064,0.681,82.014,rock
Sam Smith,How Do You Sleep?,202204,False,2019,73,0.477,0.682,1,-4.931,0,0.0925,0.153,0.0,0.0763,0.345,110.567,pop
Post Malone,Goodbyes (Feat. Young Thug),174960,True,2019,1,0.58,0.653,5,-3.818,1,0.0745,0.447,0.0,0.111,0.175,150.231,hip hop
Jonas Brothers,Sucker,181026,False,2019,79,0.842,0.734,1,-5.065,0,0.0588,0.0427,0.0,0.106,0.952,137.958,pop
Taylor Swift,Cruel Summer,178426,False,2019,78,0.552,0.702,9,-5.707,1,0.157,0.117,2.06e-05,0.105,0.564,169.994,pop
Sam Smith,Dancing With A Stranger (with Normani),171029,False,2019,75,0.741,0.52,8,-7.513,1,0.0656,0.45,1.97e-06,0.222,0.347,102.998,pop
Post Malone,Circles,215280,False,2019,85,0.695,0.762,0,-3.497,1,0.0395,0.192,0.00244,0.0863,0.553,120.042,hip hop
